法宝引证码,文件具体政策内容,制定单位/机关,行政级别,颁布时间,字数,一般政策语言字数,一般政策内容字段,Extraction,文件接收对象(下级单位),文件接收对象(下级单位)的行政级别,提及文件接收对象(下级单位)的次数,是否转发/提及上级文件,是否补充通知,是否征求意见稿,是否设置特定目标,特定目标字段,是否为政策执行设置特定期限,特定期限字段,对政策执行过程有规定,执行过程规定字数,是否为政策执行设置任务检测的评估标准,评估标准详细度,评估标准字段,政策实施/支持明确局限于下辖地区,是否使用强制性语言,强制性语言使用次数,建议权宜处理,建议权宜处理字段,提醒可以向上级反映,是否有附件,"原始文件的文本内容 (entire original document text, only for references, not included in the finalized dataset)",,,,,,
CLI.12.1541468,环卫行业信用管理暂行办法,广东省住房和城乡建设厅,省级,2019年10月11日,3008,45,"为了规范广东省环卫行业秩序，建立生活垃圾处理运营单位信用体系，促进环卫行业健康、有序发展,",为了规范广东省环卫行业秩序，建立生活垃圾处理运营单位信用体系，促进环卫行业健康、有序发展，根据《企业信息公示暂行条例》《广东省城乡生活垃圾处理条例》等相关法律法规，结合广东省环卫行业实际，制定本办法。,各地级以上市环境卫生主管部门,地级市,13,提及,否,否,是,"第二条　（适用范围）

　　在广东省行政区域内从事生活垃圾清扫、分类、收集、运输、处置等环卫服务活动的企业纳入信用管理范围。
　

　　各地级以上市环境卫生主管部门根据管理权限对辖区内环卫企业的行为及信用信息实施管理，负责信用信息监管工作。",是,本办法自2019年10月10日起施行，有效期为3年。,是,1780,是,由上级负责解释,本办法由广东省住房和城乡建设厅负责解释。,广东省,是,2,是,“根据《企业信息公示暂行条例》《广东省城乡生活垃圾处理条例》等相关法律法规，结合广东省环卫行业实际，制定本办法。”,是,否,"    【法宝引证码】 CLI.12.1541468
原文链接：https://www.pkulaw.com/lar/32f09a1c6c282205e761c51231946224bdfb.html
广东省住房和城乡建设厅关于印发环卫行业信用管理暂行办法的通知
广东省住房和城乡建设厅关于印发环卫行业信用管理暂行办法的通知

（粤建规范〔2019〕4号）

各地级以上市环境卫生主管部门：

　　现将《广东省住房和城乡建设厅关于环卫行业信用管理暂行办法》印发给你们，请认真组织实施。实施过程中遇到的问题，请径向省住房城乡建设厅反映。
广东省住房和城乡建设厅

2019年10月11日
　　广东省住房和城乡建设厅关于环卫行业信用管理暂行办法
　第一章　总　则
　　第一条　（目的依据）

　　为了规范广东省环卫行业秩序，建立生活垃圾处理运营单位信用体系，促进环卫行业健康、有序发展，根据《企业信息公示暂行条例》《广东省城乡生活垃圾处理条例》等相关法律法规，结合广东省环卫行业实际，制定本办法。
　　第二条　（适用范围）

　　在广东省行政区域内从事生活垃圾清扫、分类、收集、运输、处置等环卫服务活动的企业纳入信用管理范围。
　　第三条　（管理内容）

　　广东省环卫行业信用管理包括企业信用信息、项目信用综合考评、企业重点监管名单三项内容。
　　第四条　（管理原则）

　　环卫信用信息登记遵循公开、公平、公正的原则，以信用体系建设为主导，以政府监督管理为手段，以信用信息登记为载体，实行环卫信用管理制度，强化主体自律和社会监督，激发市场活力。
　　第五条　（管理部门和管理系统）

　　省住房城乡建设主管部门负责指导全省生活垃圾处理运营单位信用体系建设工作，建立和完善广东省环卫行业信用管理平台（以下简称“信用管理平台”）。

　　各地级以上市环境卫生主管部门根据管理权限对辖区内环卫企业的行为及信用信息实施管理，负责信用信息监管工作。

　第二章　信用信息管理
　　第六条　（信用信息采集、审核、录入、变更及注销）

　　各地级以上市环境卫生主管部门负责企业信用信息的采集、审核和录入，并及时对信用管理平台的信用信息进行变更和注销。
　　第七条　（信用信息明细）

　　信用信息包括企业名称、统一社会信用代码、法定代表人、委托单位、项目名称、项目负责人、项目地点、项目总额、服务期限、《广东省城市生活垃圾经营性清扫、收集、运输服务许可证》或《广东省城市生活垃圾经营性处置服务许可证》证书编号、证书有效期、联系电话等。
　　第八条　（责任落实）

　　各地级以上市环境卫生主管部门对其录入信用管理平台的信息真实性、客观性、完整性负责。
　　第九条　（信息公布）

　　各地级以上市环境卫生主管部门按照公开、公平、公正的原则，及时将企业信用信息和项目信用综合考评结果在信用管理平台公布，供各地级以上市环境卫生主管部门查询使用。

　第三章　项目信用综合考评
　　第十条　（考评单位）

　　纳入信用管理范围的企业，由各地级以上市环境卫生主管部门统一进行年度项目信用综合考评。
　　第十一条　（考评内容）

　　项目信用综合考评以企业履约能力、服务质量、遵纪守法三项指标作为考评内容。
　　第十二条　（考评等级）

　　项目信用综合考评等级分为优、良、差三个等级。
　　第十三条　（考评时间）

　　各地级以上市环境卫生主管部门在每年的1月完成上一年度的项目信用综合考评。

　第四章　监督管理
　　第十四条　（分级分类监管）

　　各地级以上市环境卫生主管部门根据企业的年度项目信用综合考评等级，实施分级分类监管，建立企业重点监管名单制度。

　　（一）全部项目信用综合考评等级为优的企业，纳入监管对象，实行动态监督管理，优先推荐参加政府招投标项目、评优评先活动；

　　（二）全部项目信用综合考评等级为良的企业，纳入监管的主要对象，实行常态化监督管理；

　　（三）项目信用综合考评为差的企业，列入重点监管名单，纳入重点监管对象，实行严格的日常监督检查；
　　第十五条　（重点监管名单认定）

　　企业在当年度有下列情况之一的，列入企业重点监管名单，期限为一年，主要包括：

　　（一）上一年度项目信用综合考评为差的；

　　（二）在环卫招标投标活动中存在违法行为且受到行政处罚的；

　　（三）发生较大及以上生产安全责任事故，或1年内累计发生2次及以上一般生产安全责任事故的； 

　　（四）违法运输、倾倒或处置生活垃圾，受到行政处罚的；

　　（五）拖欠工人工资拒不整改的。
　　第十六条　（认定录入）

　　各地级以上市环境卫生主管部门认定企业重点监管名单后，应在5个工作日内书面通知企业，并在10个工作日内登陆信用管理平台录入相关信息。
　　第十七条　（重点监管名单的移出）

　　列入重点监管名单的企业，自录入信用管理平台之日起一年内未再发生本办法第十五条规定的情形的，由项目所在地地级以上市环境卫生主管部门核准后移出企业重点监管名单。
　　第十八条　（异议处理）

　　企业对被列入重点监管名单有异议的，应当在收到书面通知之日起5个工作日内，向作出认定的部门提出书面复核申请。
　　第十九条　（复核处理）

　　各地级以上市环境卫生主管部门在收到企业提出的书面复核申请后5个工作日内进行复核并书面答复。

　第五章　附则
　　第二十条　（解释单位）

　　本办法由广东省住房和城乡建设厅负责解释。
　　第二十一条　（试行日期）

　　本办法自2019年10月10日起施行，有效期为3年。

　　广东省环卫信用信息登记表
企业名称
统一社会
信用代码
法定代表人
项目名称
委托单位
项目地点
项目总额
服务期限
许可证编号
许可证有效期
项目负责人
联系电话
项目委托单位意见
项目委托单位（盖章）：
年   月   日
地级以上市环境卫生主管
部门意见
地级以上市环境卫生主管部门（盖章）：
年   月   日

　　注：各地级以上市环境卫生主管部门负责采集、审核企业信用信息，并录入信用管理平台。

　　广东省环卫项目信用综合考评表
企业名称
项目名称
统一社会
信用代码
项目负责人
考评年度
联系电话
履约能力
是否存在违约行为        是□  否□
是否按期履行合同        是□  否□
综合履约能力            优□  良□  差□
服务质量
是否建立规章制度        是□  否□
是否发生安全生产事故    是□  否□
业主满意度              优□  良□  差□
遵纪守法
是否按规定为员工购买社保              是□  否□
是否按规定支付工人工资                是□  否□
是否受到各级环境卫生主管部门行政处罚  是□  否□
项目委托单位意见
项目委托单位（盖章）：
年   月   日
地级以上市环境卫生主管
部门意见
地级以上市环境卫生主管部门（盖章）：
年   月   日

　　注：（1）综合履约能力、业主满意度为“优”，且遵纪守法的企业考评等级为“优”。

　　（2）综合履约能力、业主满意度为“良”及以上但未达到全“优”，且遵纪守法的企业考评等级为“良”。

　　（3）综合履约能力、业主满意度为“差”，或发生违法违规行为的企业考评等级为“差”。

　　（4）发生违法违规行为的企业考评等级为“差”。

　　广东省环卫企业重点监管名单确认表
企业名称
项目名称
统一社会
信用代码
法定代表人
项目负责人
联系电话
1
上一年度项目信用综合考评为差的。
有□  无□
2
在环卫招标投标活动中存在违法行为且受到行政处罚的。
有□  无□
3
发生较大及以上生产安全责任事故，或1年内累计发生2次及以上一般生产安全责任事故的。
有□  无□
4
违法运输、倾倒或处置生活垃圾，受到行政处罚的。
有□  无□
5
拖欠工人工资拒不整改的。
有□  无□
项目委托单位意见
项目委托单位（盖章）：
年   月   日
地级以上市环境卫生主管
部门意见
地级以上市环境卫生主管部门（盖章）：
年   月   日

　　注：企业发生上述情况中的任意一项，经各地级以上市环境卫生主管部门确认即列入企业重点监管名单，期限为一年。

　　《广东省城市生活垃圾经营性清扫、收集、运输服务许可证》统计情况表
序号
法人名称
办公住所
设施地址
核准经营范围
核准经营车辆 
法定代表人
联系人
联系电话
许可证有效期
证书编号
申请日期
备注

　　《广东省城市生活垃圾经营性处置服务许可证》统计情况表
序号
法人名称
办公住所
设施地址
核准经营范围
核准经营规模（吨/年）
法定代表人
联系人
联系电话
许可证有效期
证书编号
申请日期
备注

　　餐厨垃圾收运企业情况表
地市
序号
企业名称
企业负责人
联系电话
业务范围
许可证
餐厨垃圾种类（餐饮垃圾、居民厨余垃圾、农贸市场有机易腐垃圾）
收集频次
收运方式
收运车辆数量与类型
收运
范围
收运
线路
备注
（次/天）
（直收直运/中转转运）",,,,,,
CLI.12.1541478,生猪养殖用地保障工作,广东省自然资源厅、广东省农业农村厅、广东省林业局,省级,2019年9月19日,1545,43,为贯彻落实国家和省的稳定生猪生产保障市场供应电视电话会议精神，进一步保障生猪养殖用地，,为贯彻落实国家和省的稳定生猪生产保障市场供应电视电话会议精神，进一步保障生猪养殖用地，根据《自然资源部关于保障生猪养殖用地有关问题的通知》（自然资电发〔2019〕39号），现就有关事项通知如下,各地级以上市自然资源、农业农村、林业主管部门,地级市,6,提及,否,否,是,明确生猪养殖用地性质。界定生猪养殖用地范围。优化生猪养殖用地选址。合理保障生猪养殖用地需求。,否,,是,693,否,无,,广东省,是,9,是,“生猪养殖可因地制宜合理布局，”,否,否,"    【法宝引证码】 CLI.12.1541478
原文链接：https://www.pkulaw.com/lar/605378354c8201907b9469ab92c460d6bdfb.html
广东省自然资源厅、广东省农业农村厅、广东省林业局关于进一步做好生猪养殖用地保障工作的通知
广东省自然资源厅、广东省农业农村厅、广东省林业局关于进一步做好生猪养殖用地保障工作的通知

（粤自然资函〔2019〕1986号）

各地级以上市自然资源、农业农村、林业主管部门：

　　为贯彻落实国家和省的稳定生猪生产保障市场供应电视电话会议精神，进一步保障生猪养殖用地，根据《自然资源部关于保障生猪养殖用地有关问题的通知》（自然资电发〔2019〕39号），现就有关事项通知如下：
　　一、严格落实和完善用地政策

　　（一）明确生猪养殖用地性质。生猪养殖用地为设施农用地，按农用地管理，不需要办理建设用地审批手续，不需要占补平衡。

　　（二）界定生猪养殖用地范围。规模化生猪养殖圈舍（含场区内通道）、有机物处置等生产设施及绿化隔离带用地为生产设施用地；生猪养殖中必需配套的检验检疫监测、疫病防控等技术设施以及必要管理用房用地，粪便、污水等废弃物收集、存储、处理等环保设施用地，符合“农村道路”规定的场内道路用地等为附属设施用地。

　　（三）优化生猪养殖用地选址。在不涉及占用永久基本农田和饮用水水源保护区、自然保护地、城镇居民区、文化教育科学研究区等人口集中区域及法律法规规定的其他禁养区前提下，生猪养殖可因地制宜合理布局，允许占用一般耕地，但尽量避免占用优质耕地，特别是高标准农田。鼓励乡镇政府、农村集体和养殖场（户）充分利用农村集体建设用地和“四荒地”（荒山、荒沟、荒丘、荒滩）等低效闲置土地发展生猪养殖生产。

　　（四）合理保障生猪养殖用地需求。生猪养殖生产设施用地根据养殖规模确定用地规模。合理增加附属设施用地规模，取消现行15亩上限规定。允许建设多层生产设施和附属设施。规模化、工厂化生猪养殖项目用地，涉及新增建设用地的，要优先安排新增建设用地计划指标，应保尽保。允许在Ⅱ、Ⅲ、Ⅳ级保护林地内建设规模养殖场，优先保障使用林地指标，申请使用林地材料齐全的“即到即办”。
　　二、简化生猪养殖用地办理程序

　　（一）简化用地手续办理。养殖场（户）与乡镇政府、农村集体经济组织签订用地协议即可获得生产用地。

　　（二）简化用地备案程序。按照《广东省自然资源厅 广东省农业农村厅关于印发贯彻落实省委省政府工作部署实施乡村振兴战略若干用地政策措施（试行）的通知》（粤自然资规〔2019〕1号）规定，以《广东省设施农用地建设方案报告表》代替建设方案和复垦方案；乡镇政府应在签订协议7个工作日内将用地协议和《广东省设施农用地建设方案报告表》报送县级自然资源、农业农村主管部门备案，县级自然资源、农业农村主管部门收到备案材料15个工作日内没有及时核实或核实未告知的，养殖场（户）可视为备案通过。

　　（三）明确备案调整程序。因养殖规模扩大、异地搬迁重建、土地承包经营权流转等原因造成用地位置、面积和权属等信息发生变化的，县级自然资源主管部门应联合农业农村主管部门依据养殖场（户）与乡镇政府、农村集体经济组织签订的用地协议逐级向省报备调整设施农用地备案信息。
　　三、加强政策宣传和监管

　　（一）推进政策进村入户。各地要主动公开设施农用地管理政策，充分利用广播电视、网络新媒体特别是农村村务公开栏等媒介加强生猪养殖用地政策宣传。要结合学习调研、结对扶贫、支部共建等时机深入基层一线，加强政策解读，让生猪养殖用地政策进村入户、应知尽知。

　　（二）严格生猪养殖用地监管。各地要严格执行法律规定和政策要求，严禁占用永久基本农田，严禁随意扩大生猪养殖生产设施和附属设施用地范围，严禁改变养殖用途。各级自然资源主管部门要不断强化土地卫片执法，实行常态化的动态巡查，充分利用“12336”违法举报电话，全面监督指导养殖场（户）严格按照协议约定使用土地，确保农地农用。
广东省自然资源厅

广东省农业农村厅

广东省林业局

2019年9月19日",,,,,,
CLI.12.1541872,加快企业上市工作的实施意见,广州市地方金融监督管理局,地市级,2019年10月12日,2141,194,当前，我国正在推进科创板等资本市场制度创新，资本市场的韧性在增强，抗风险能力在提高，市场生态更加有效，正处于繁荣发展的难得机遇期和健全体系的关键发展期。为贯彻落实党的十九大、全国金融工作会议精神以及党中央、国务院关于资本市场改革发展的工作部署，加快推进我市企业上市工作，大力发展多层次资本市场体系，提高直接融资比重，助力广州经济社会高质高端高效发展和粤港澳大湾区建设，现提出以下实施意见。,为贯彻落实党的十九大、全国金融工作会议精神以及党中央、国务院关于资本市场改革发展的工作部署，加快推进我市企业上市工作，大力发展多层次资本市场体系，提高直接融资比重，助力广州经济社会高质高端高效发展和粤港澳大湾区建设，现提出以下实施意见。,各区人民政府，市委编办、市发展改革委、科技局、工业和信息化局、公安局、司法局、财政局、人力资源社会保障局、规划和自然资源局、生态环境局、住房城乡建设局、交通运输局、商务局、国资委、市场监管局、城市管理综合执法局、广州住房公积金管理中心，广州海关、人民银行广州分行、广东证监局、国家税务总局广州市税务局,区级,3,否,否,否,是,争取用3年时间，推动我市新增境内外上市公司30家。其中，新增上海证券交易所科创板、深圳证券交易所创业板上市公司20家。各区人民政府要结合全市目标和本区实际，制定本区未来3年的企业上市目标。,是,争取用3年时间，,是,1434,否,无,,广东市各区,是,4,是,“各区人民政府要结合全市目标和本区实际，制定本区未来3年的企业上市目标。”        “各区人民政府根据本区实际，制定扶持政策，积极协调支持。”,是,否,"    【法宝引证码】 CLI.12.1541872
原文链接：https://www.pkulaw.com/lar/0d9d20a31d9dcd8265ee09c45fa5924cbdfb.html
广州市地方金融监督管理局关于印发《关于加快推进企业上市工作的实施意见》的通知

广州市地方金融监督管理局关于印发《关于加快推进企业上市工作的实施意见》的通知

（穗金融〔2019〕28号）

各区人民政府，市委编办、市发展改革委、科技局、工业和信息化局、公安局、司法局、财政局、人力资源社会保障局、规划和自然资源局、生态环境局、住房城乡建设局、交通运输局、商务局、国资委、市场监管局、城市管理综合执法局、广州住房公积金管理中心，广州海关、人民银行广州分行、广东证监局、国家税务总局广州市税务局：

　　《关于加快推进企业上市工作的实施意见》已经市政府同意，现印发给你们，请认真贯彻执行。执行中遇到的问题，请径向我局反映。
广州市地方金融监督管理局

2019年10月12日
　　关于加快推进企业上市工作的实施意见

　　当前，我国正在推进科创板等资本市场制度创新，资本市场的韧性在增强，抗风险能力在提高，市场生态更加有效，正处于繁荣发展的难得机遇期和健全体系的关键发展期。为贯彻落实党的十九大、全国金融工作会议精神以及党中央、国务院关于资本市场改革发展的工作部署，加快推进我市企业上市工作，大力发展多层次资本市场体系，提高直接融资比重，助力广州经济社会高质高端高效发展和粤港澳大湾区建设，现提出以下实施意见。
　　一、明确企业上市的工作目标和重点

　　（一）工作目标。

　　争取用3年时间，推动我市新增境内外上市公司30家。其中，新增上海证券交易所科创板、深圳证券交易所创业板上市公司20家。各区人民政府要结合全市目标和本区实际，制定本区未来3年的企业上市目标。

　　（二）工作重点。

　　一是推进符合国家战略、突破关键核心技术、市场认可度高的高新技术企业和新一代信息技术、人工智能、生物医药等IAB、NEM战略性新兴产业的企业上市。二是推进国有企业改制上市，积极支持资产优良、竞争力强的国有企业实现整体上市。三是推动支柱产业、先进制造业和现代服务业等领域的优质企业尤其是民营企业上市。
　　二、认真落实推进企业上市的各项工作措施

　　（一）加强组织保障。

　　各部门应明确管理范畴及业务职责，各司其职、分工协作、形成合力。充分发挥市企业上市发展工作协调小组和市企业上市工作办公室的统筹作用，建立健全市、区政府及相关部门的沟通协调机制，及时向省级人民政府、金融监管部门汇报解决我市企业上市的重点难点问题。

　　主管产业发展的发展改革、工信、科技、商务、国资等部门负责对具有发展潜力的企业开展产业培育，通过扶持引导强化其内生增长动能。市地方金融监管局对我市企业改制及上市申报等工作进行统筹谋划，形成摸查储备、培训辅导、路演对接、协调问题、奖励补贴等全过程全链条的服务体系。对企业改制上市过程中遇到的困难和涉及的相关证明手续，特别是完善用地房产手续、税收缴纳、产权厘清、人员安置等历史遗留问题，以及拟上市企业募投项目备案、核准等，市发展改革委、科技、工信、公安、司法、财政、人社、规划和自然资源、生态环境、住房城乡建设、交通运输、商务、国资、市场监管、城管、住房公积金管理等部门要根据实际情况，认真做好指导和服务，同时争取海关、外汇、税务等部门支持，依法合规加快办理。各区人民政府根据本区实际，制定扶持政策，积极协调支持。

　　（二）完善企业上市后备资源。

　　各区、各产业部门对规模以上企业和市场前景好、持续经营能力强的企业进行摸底、调度和筛选，在调查摸底的基础上，根据我市的产业发展方向和区域发展重点，分类、分层建立企业上市梯队和拟上市企业库，尽早发现、及时跟进，构建符合上市规律的培育机制。

　　对已正式启动上市申报的企业，帮助企业做好与证券公司、会计师事务所、律师事务所等中介机构的衔接，督促中介机构依法合规进行上市辅导，并及时向金融监管部门汇报沟通，争取各方面支持；对基本达到上市条件的企业，协助企业科学规划上市方向，明确上市程序和重点事项；对实力需要进一步增强、条件还不够成熟的企业，尽早做好资产规范和内控制度健全等工作，妥善解决企业改制上市过程中的困难和问题，争取尽快达到进入资本市场的条件。

　　（三）拓宽金融对接渠道。

　　引导社会资本向科技型、中早期项目投入，将发展股权投资作为培育与推动企业上市的重要市场力量；畅通拟上市企业和银行业金融机构的融资对接渠道，拓宽各类融资渠道。

　　积极推动市、区两级政府投资基金和各类股权投资、创业投资、风险投资机构等参与企业股份制改造、上市、并购重组等，发挥其战略投资、项目开发等优势，提高企业对接资本市场的能力。

　　（四）给予上市补贴政策。

　　按照《广州市人民政府关于印发支持广州区域金融中心建设若干规定的通知》（穗府规〔2019〕1号），对在境内外证券市场新上市的企业及从外地迁入的上市公司，在市级层面给予300万元的一次性补贴。

　　（五）营造市场环境。

　　市直有关部门、各区人民政府要把推动企业上市发展作为事关全市经济发展全局的一项重要工作来抓，通过多种形式加强宣传发动，在全市范围内积极营造支持企业上市发展的良好氛围。

　　市地方金融监管局通过多种形式搭建企业与境内外证券交易所、证券公司、会计师事务所、律师事务所等中介机构以及金融监管部门的沟通、交流、互动机制。支持上海证券交易所南方中心、深圳证券交易所广州基地发挥作用，举办专题培训，实地走访拟上市企业，进行一对一指导。定期举办企业上市工作交流会，及时宣传企业上市的新政策、新动态、新做法，总结企业上市工作经验，宣传上市公司利用资本市场实现高质量发展的成功案例。引导中介机构等市场主体机构规范经营，做好企业上市过程中的各项服务工作。
",,,,,,
CLI.12.1530323,扶持金融业发展的若干措施资助项目申报操作指引,深圳市地方金融监督管理局,地市级,2019年6月6日,5919,94,为贯彻落实《深圳市扶持金融业发展的若干措施》（深府规〔2018〕26号），规范市金融发展专项资金申报流程，市地方金融监管局制定了《〈深圳市扶持金融业发展的若干措施〉资助项目申报操作指引》，,为贯彻落实《深圳市扶持金融业发展的若干措施》（深府规〔2018〕26号），规范市金融发展专项资金申报流程，市地方金融监管局制定了《〈深圳市扶持金融业发展的若干措施〉资助项目申报操作指引》，现印发实施，请遵照执行。,各有关单位,区级,1,提及,否,否,否,,否,,否,,否,无,,深圳市各区,,,否,,否,否,"    【法宝引证码】 CLI.12.1530323
原文链接：https://www.pkulaw.com/lar/3f741ab0333289f3b4a395ae3807b4c0bdfb.html
深圳市地方金融监督管理局关于印发《＜深圳市扶持金融业发展的若干措施＞资助项目申报操作指引》的通知

深圳市地方金融监督管理局关于印发《〈深圳市扶持金融业发展的若干措施〉资助项目申报操作指引》的通知

（深金监规〔2019〕1号）

各有关单位：

　　为贯彻落实《深圳市扶持金融业发展的若干措施》（深府规〔2018〕26号），规范市金融发展专项资金申报流程，市地方金融监管局制定了《〈深圳市扶持金融业发展的若干措施〉资助项目申报操作指引》，现印发实施，请遵照执行。
深圳市地方金融监督管理局

2019年6月6日
　　《深圳市扶持金融业发展的若干措施》资助项目申报操作指引

　　为贯彻落实《深圳市扶持金融业发展的若干措施》（深府规〔2018〕26号）（以下简称《若干措施》），规范我市金融发展专项资金申报流程，制定本申报操作指引。
　　一、金融创新奖、金融科技专项奖

　　按照《深圳市金融创新奖和金融科技专项奖评选办法》（深金规〔2017〕2号）执行。
　　二、一次性奖励和搬迁费用补贴

　　（一）政策依据与资助标准：

　　《若干措施》第十条、第十一条、第十六条、第十八条、第十九条、第二十条、第二十四条、第二十八条。

　　（二）申报时间：

　　1．每年3月、9月集中受理（交易场所每年3月集中受理1次），具体以市地方金融监管局官网发布的受理通知为准；

　　2．金融机构正式开业后（同时具备营业执照和金融许可证），1年之内（起算时间以营业执照、金融许可证靠后的出证时间为准）向市地方金融监管局提出申请，逾期不申报视为放弃补助，不可追溯；金融类控股（或集团）可在达到地方财力贡献要求后，1年之内向市地方金融监管局提出申请，逾期不申报视为放弃补助，不可追溯。

　　（三）申报所需提交材料：

　　1．专项资金申请表；

　　2．国家金融监管部门颁发的相关金融许可证（金融类控股集团申报，其相对控股的金融企业总部也需提交）；

　　3．深圳市商事登记主管部门颁发的营业执照；

　　4．申请拨款账户的《基本存款账户信息》；

　　5．金融机构基本信用信息（深圳信用网打印，含注册资本、实收资本、成立时间、股东等信息；金融类控股集团申报，其相对控股的金融企业总部的基本信用信息也需提供）；

　　6．验资报告（一级分支机构无需提供；金融类控股集团申报的，其相对控股的金融企业总部的验资报告也需提供）；

　　7．上一个纳税年度在深纳税证明（金融类控股集团、金融配套服务机构需提交）；

　　8．获得奖励之日起15年内不迁离深圳的承诺书；

　　9．隶属于证券公司、期货公司等金融企业总部的深圳市级分公司，需要提供其企业总部出具的深圳市级分公司（仅限1家）证明。

　　以上申报材料，第2、3、4项验原件，交加盖本单位公章的复印件（一式两份）；第1、5、6、7、8、9项交原件（一式两份，加盖本单位公章）。

　　（四）申报、审批流程及时限：

　　1．申请：申请机构登录深圳网上办事大厅申报，上传材料扫描件后，到市政府行政服务办事大厅提交纸质材料；

　　2．受理：市地方金融监管局核验申报材料，符合条件且材料齐全，即进入审查程序；不符合条件，则退回材料至办事大厅并出具书面意见，转请办事大厅通知申请机构取回申报材料及转交书面意见；材料不齐全，转请办事大厅告知申请机构补齐材料；

　　3．审查：市地方金融监管局会同有关部门进行初审、复核、集体决议等审查流程；

　　4．公示：公示时间为5个工作日；公示无异议的，由市地方金融监管局下达资金资助计划；公示有异议的，由市地方金融监管局负责调查核实；经核实后异议不成立的，由市地方金融监管局下达资金资助计划；异议成立的，取消相关资助项目，由市地方金融监管局负责向申请机构作出解释；

　　5．资金下达：申请机构根据市地方金融监管局通知提交账户确认函、收款收据、办理人员身份证复印件以及法人授权委托书后，市地方金融监管局正式下达资金资助计划。

　　已提交完整申请材料的金融机构，市地方金融监管局自申报截止日起90个工作日内完成审查、公示、资金下达程序；资金拨付需根据市财政专项资金预算安排办理。
　　三、增资奖励

　　（一）政策依据与资助标准：

　　《若干措施》第十二条、第十六条、第十九条、第二十条。

　　（二）申报时间：

　　1．每年3月、9月集中受理金融机构增资奖励申请，具体以市地方金融监管局官网发布的受理通知为准；

　　2．金融机构自取得深圳市商事登记主管部门出具的注册资本变更核准通知书之日起，1年内向市地方金融监管局提出申请，逾期不申报视为放弃补助，不可追溯。

　　（二）申报所需提交材料：

　　1．一次性奖励需提交的第1、2、3、4、5、6、7项材料；

　　2．深圳市商事登记主管部门出具的注册资本变更核准通知书。

　　以上申报材料，第2项验原件，交加盖本单位公章的复印件（一式两份）。

　　（三）申报、审批流程及时限：

　　申报、审批流程及时限按照一次性奖励相关标准执行。
　　四、并购奖励

　　（一）政策依据与资助标准：

　　《若干措施》第十三条、第十六条、第十九条、第二十条、第二十二条。

　　（二）申报时间；

　　1．每年3月、9月集中受理金融机构并购奖励，具体以市地方金融监管局官网发布的受理通知为准；

　　2．金融机构自取得深圳市商事登记主管部门出具的注册资本变更核准通知书或银行交易流水证明（混合并购以前述两者中最后完成时间为准）之日起，1年内向市地方金融监管局提出申请，逾期不申报视为放弃补助，不可追溯。

　　（三）申报所需提交材料：

　　1．一次性奖励需提交的第1、2、3、4、5、7项材料；

　　2．并购交易合同；

　　3．股权并购的需提供深圳市商事登记主管部门出具的注册资本变更核准通知书；现金并购的需提供银行交易流水证明；混合并购的需同时提供以上两种证明材料。

　　以上申报材料，第2、3项验原件，交加盖本单位公章的复印件（一式两份）。

　　（四）申报、审批流程及时限：

　　申报、审批流程及时限按照一次性奖励相关标准执行。
　　五、购置自用办公用房补贴

　　（一）政策依据与资助标准：

　　《若干措施》第十五条、第十八条、第十九条、第二十条、第二十八条。

　　（二）申报时间：

　　1．每年3月、9月集中受理，具体以市地方金融监管局官网发布的受理通知为准；

　　2．金融机构自房地产证出证之日起1年内向市地方金融监管局提出申请，逾期不申报视为自动放弃补助，不可追溯。

　　（三）申报所需提交材料：

　　1．一次性奖励需提交的第1、2、3、4项材料；

　　2．购房发票；

　　3．房地产证；

　　4．房地产权登记中心出具的不动产权材料电脑查询结果表；

　　5．补贴之日起15年内不迁离深圳，享受补贴的办公用房10年（一级分支机构为5年）内不得对外租售的承诺书。

　　第2、3项验原件，交加盖本单位公章的复印件（一式两份）；第4、5项交原件（一式两份，加盖本单位公章）。

　　（四）申报、审批流程及时限：

　　按照一次性奖励申报、审批流程及时限执行。
　　六、自用办公用房租房补贴

　　（一）政策依据与资助标准：

　　1．《若干措施》第十五条、第十六条、第十八条、第十九条、第二十条、第二十三条、第二十四条；

　　2．租房补贴所依据的房屋租金市场指导价，以当年深圳市房屋租赁主管部门公布的房屋租赁指导租金为主要依据；若合同单价低于房屋租赁市场指导价，则按其实际租价为基准给予租房补贴。

　　（二）申报时间；

　　1．一年受理1次，每年3月集中受理上一年度的租房补贴，具体以市地方金融监管局官网发布的受理通知为准；

　　2．自金融机构注册之日算起，在有效补贴年限内，逾期未提出申请的，视为放弃补助，不可追溯。

　　（三）申报材料：

　　1．一次性奖励需提交的第1、2、3、4项材料；

　　2．深圳市金融机构租房补贴申请信息表；

　　3．房地产租赁合同；

　　4．租房发票；

　　5．小额贷款公司、交易场所需提交深圳信用网打印的企业基本信用信息（含注册资本、实收资本、成立时间、股东信息等）。

　　以上申报材料，第3、4项验原件，交加盖本单位公章的复印件（一式两份），第2、5项交原件（一式两份，加盖本单位公章）。

　　（四）申报、审批流程及时限：

　　按照金融机构一次性奖励申报、审批流程及时限执行。
　　七、金融租赁公司融资奖励、购置设备补贴、购机和购船登记费补贴

　　（一）政策依据及资助标准：

　　《若干措施》第十七条。

　　（二）申报时间：

　　1．每年3月集中受理上一年度的金融租赁公司相关奖励和补贴，逾期不申报视为放弃补助，不可追溯，具体以市地方金融监管局官网发布的受理通知为准；

　　2．金融租赁公司实际发放合同约定授信额后向市地方金融监管局提出融资奖励申请；金融租赁公司缴清合同约定购买金额后向市地方金融监管局申请购置设备补贴；金融租赁公司获得购机、购船登记证明文件后向市地方金融监管局申请购机和购船登记费补贴。

　　（三）申报所需提交材料：

　　1．一次性奖励需提交的第1、2、3、4项材料；

　　2．金融租赁公司融资服务情况一览表；

　　3．金融租赁公司与融资服务对象签订的租赁合同；

　　4．授信协议书（如有）；

　　5．金融租赁公司与高新技术企业签订的设备购买协议；

　　6．合作对象为高新技术企业的相关证明材料；

　　7．设备购置发票；

　　8．设备用途情况说明；

　　9．购机、购船发票；

　　10．购机、购船登记证明文件（海事局颁发的所有权登记证）。

　　以上申报材料，第1、2、3、4项为融资补贴所需提交材料；第1、5、6、7、8项为购置设备补贴所需提交材料；第1、9、10项为购机、购船登记费补贴所需提交材料；第2、8项交原件（加盖本单位公章，一式两份）；第3、4、5、6、7、9、10项验原件，交加盖本单位公章的复印件（一式两份）。

　　（四）申报、审批流程及时限：

　　按照一次性奖励申报、审批流程及时限执行。
　　八、股权类机构一次性落户奖励、募集资金奖励

　　（一）政策依据及资助标准：

　　《若干措施》第二十一条、第二十二条、第二十八条。

　　（二）申报时间：

　　1．每年3月、9月集中受理，具体以市地方金融监管局官网发布的受理通知为准；

　　2．机构正式开业后（同时具备营业执照和中国证券投资基金业协会备案证明），1年之内（以在中国证券投资基金业协会登记备案、实缴注册资本或募资规模达到奖励金额的时间孰后起算）向市地方金融监管局提出申请，逾期不申报视为放弃补助，不可追溯。

　　（三）申报所需提交材料：

　　1．申请材料目录；

　　2．专项资金申请表；

　　3．深圳市商事登记主管部门颁发的营业执照；

　　4．企业基本信用信息（深圳信用网打印，含注册资本、实收资本、成立时间、股东信息等）；

　　5．申请拨款账户的《基本存款账户信息》、银行结算账户管理协议、开立单位银行结算账户申请书；

　　6．获得奖励之日起15年内不迁离深圳等有关事项的承诺书；

　　7．基金管理协议（如基金公司自行管理，则提供基金公司章程）；

　　8．申明书（同意将奖励资金划入管理企业，若为基金公司自行管理则将奖励资金划入基金公司）；

　　9．基金出资情况证明材料：

　　（1）公司制股权投资基金：最近一期验资报告；

　　（2）合伙制股权投资基金：

　　1）合伙协议；

　　2）合伙人实缴出资确认书；

　　3）银行托管协议；

　　4）托管资金到账确认函；

　　5）银行回单；

　　10．管理企业验资报告；

　　11．中国证券投资基金业协会备案证明。

　　以上申报材料，第3、5、7、9项验原件，交加盖本单位公章的复印件（一式两份），第1、2、4、6、8、10、11项交原件（加盖本单位公章，一式两份）。

　　（四）申报、审批流程及时限：

　　按照一次性奖励申报、审批流程及时限执行。
　　九、股权类机构租房、购房补贴

　　（一）政策依据及资助标准：

　　1．《若干措施》第二十一条、第二十二条；

　　2．金融机构租房补贴所依据的房屋租金市场指导价，以当年深圳市房屋租赁主管部门公布的房屋租赁指导租金为主要依据；若合同单价低于房屋租赁市场指导价，则按其实际租价为基准给予租房补贴。

　　（二）申报时间、所需提交材料、申报、审批流程及时限：

　　按照金融机构租、购房补贴相关流程和时限执行；其中，股权投资、股权投资管理和直投类机构无国家金融监管部门颁发的相关金融许可证，需提供中国证券投资基金业协会备案证明。
　　十、股权类机构管理费收入奖励

　　（一）政策依据及资助标准：

　　《若干措施》第二十一条、第二十二条。

　　（二）申报时间：

　　1．每年3月集中受理上年度管理费收入奖励，具体以市地方金融监管局官网发布的受理通知为准；

　　2．自企业注册之日至连续5年内的管理费收入可以申请奖励。在提出申请当年仅可申请上年度补贴，当年逾期未提出申请的，视为放弃上年度的奖励，不可追溯。

　　（三）申报所需提交材料：

　　1．“股权类机构一次性落户奖励、募集资金奖励”所需提供的第1、2、3、4、5、6、7项；其中“2．专项资金申请表”需包含申请管理费收入奖励金额的计算说明；

　　2．管理公司提供税务主管部门出具的相关完税凭证、申请年度的所有纳税申报表、年度汇算清缴申报表；

　　3．管理公司审计报告（含会计师事务所营业执照和执业证书）；

　　4．中国证券投资基金业协会登记备案证明；

　　5．合伙协议；

　　6．管理公司提供管理费收入会计入账凭证及附件。

　　以上申报材料，第2、3、4项交原件（加盖本单位公章，一式两份），第5、6项验原件，交复印件（加盖本单位公章，一式两份）。

　　（四）申报、审批流程及时限：

　　按照一次性奖励申报、审批流程及时限执行。
　　十一、创新型金融机构相关补助及奖励

　　（一）政策依据及资助标准：

　　1．《若干措施》第二十五条；

　　2．同时满足以下条件的征信公司、资信（评级）公司、造币公司、金融押运公司、金融媒体、保险配套服务等创新型金融机构可向市地方金融监管局提出申请：

　　（1）经国家金融监管、主管部门审批、认定或备案；

　　（2）行业内排名前五或在本市注册且持续经营1年（含）以上，上年度形成地方财力2000万元（含）以上，可参照金融企业总部享受除一次性落户奖以外的其他支持政策；行业内排名前十或上年度形成地方财力在1000万元以上，2000万元以下，可参照总部一级分支机构享受除一次性落户奖以外的其他支持政策。

　　3．隶属于全国性经营的大型金融企业总部且独立运作或经国家有关部委批准、立项的全国性产品研发中心、创新实验室等，可向市地方金融监管局提出一次性奖励申请。

　　（二）申报时间、所需提交材料、申报审批流程及时限：

　　按照金融机构租房、购房补贴等优惠政策申报时间、申报材料、审批流程及时限执行；申报单位需另外提交审批、备案、纳税等相关证明文件。
　　十二、金融类论坛补贴

　　（一）政策依据及资助标准：

　　1．《若干措施》第六条；

　　2．按照市财政局有关会议、论坛经费相关资助标准执行。

　　（二）申报时间：

　　活动举办完之日起，1年内可向市地方金融监管局提出申请，逾期未申请，视为自动放弃申报，不予追溯。

　　（三）所需提交材料：

　　1．专项资金申请表；

　　2．论坛策划方案；

　　3．活动绩效评估报告；

　　4．会计师事务所出具的专项审计报告（附有会计师事务所营业执照和执业证书）；

　　5．申请拨款账户的《基本存款账户信息》。

　　以上申报材料，第4、5项验原件，交加盖本单位公章的复印件（一式两份），第1、2、3项交原件（一式两份，加盖本单位公章）。

　　（四）申报、审批流程及时限：

　　按照金融机构一次性奖励申报、审批流程及时限执行。
　　十三、其他事项

　　（一）本操作指引由市地方金融监管局负责解释。

　　（二）本操作指引发布后，暂时未录入深圳网上办事大厅或未在深圳网上办事大厅更新的资助事项，其具体申报事宜以市地方金融监管局发布的受理通知为准。

　　（三）本操作指引自2019年6月6日起施行，有效期5年。
",,,,,,
CLI.12.6304084,关于规范城镇燃气工程安装收费指导意见,佛山市发展和改革局等3部门,地市级,2019/9/20,2703,,,现将国家发展改革委、住房城乡建设部、国家市场监督管理总局《关于规范城镇燃气工程安装收费的指导意见》（发改价格〔2019〕1131号）转发你们，请按照相关要求，加快构建燃气工程安装竞争性市场体系，在门户网站或指定平台公布有资质管道燃气工程安装企业名单；尽快研究清理规范管道燃气企业延伸服务收费项目，制定管道燃气企业收费目录清单，取消城镇燃气工程安装不合理收费；加强市场监督检查，对燃气企业滥用市场支配地位垄断经营范围内工程安装业务或指定利益相关方从事燃气工程安装，妨碍市场竞争的行为，以及价格欺诈、价格串通、牟取暴利等不正当价格行为依法依规进行查处，督促企业合理确定收费标准。,各区发展和改革局、住房城乡建设和水利局、市场监管局,区级,1,直接转发,否,否,,,,,,,,,,佛山市各区,,,否,,否,否,"    【法宝引证码】 CLI.12.6304084
原文链接：https://www.pkulaw.com/lar/08751d85d4ccbb208a694e0901a04bc5bdfb.html
佛山市发展和改革局等3部门转发关于规范城镇燃气工程安装收费指导意见的通知
佛山市发展和改革局等3部门转发关于规范城镇燃气工程安装收费指导意见的通知
各区发展和改革局、住房城乡建设和水利局、市场监管局：
　　现将《转发国家发展改革委住房城乡建设部国家市场监督管理总局关于规范城镇燃气工程安装收费指导意见的通知》（粤发改价格函〔2019〕3094号）转发给你们，请按照相关要求，由住建部门牵头负责加快构建燃气工程安装竞争性市场体系，在门户网站或指定平台公布有资质管道燃气工程安装企业名单；各区发展改革部门协助市发展改革局清理规范辖区内管道燃气企业延伸服务收费项目，按要求公布管道燃气企业收费目录清单，取消城镇燃气工程安装不合理收费；市场监管部门牵头负责加强市场监督检查，对燃气企业滥用市场支配地位垄断经营范围内工程安装业务或指定利益相关方从事燃气工程安装，妨碍市场竞争的行为，以及价格欺诈、价格串通、牟取暴利等不正当价格行为依法依规进行查处，督促企业合理制定收费标准。
佛山市发展和改革局
佛山市住房和城乡建设局
佛山市市场监督管理局
2019年9月20日
转发国家发展改革委住房城乡建设部国家市场监督管理总局关于规范城镇燃气工程安装收费指导意见的通知
粤发改价格函〔2019〕3094号
各地级以上市发展改革局（委）、城镇燃气主管部门、市场监管局：
　　现将国家发展改革委、住房城乡建设部、国家市场监督管理总局《关于规范城镇燃气工程安装收费的指导意见》（发改价格〔2019〕1131号）转发你们，请按照相关要求，加快构建燃气工程安装竞争性市场体系，在门户网站或指定平台公布有资质管道燃气工程安装企业名单；尽快研究清理规范管道燃气企业延伸服务收费项目，制定管道燃气企业收费目录清单，取消城镇燃气工程安装不合理收费；加强市场监督检查，对燃气企业滥用市场支配地位垄断经营范围内工程安装业务或指定利益相关方从事燃气工程安装，妨碍市场竞争的行为，以及价格欺诈、价格串通、牟取暴利等不正当价格行为依法依规进行查处，督促企业合理确定收费标准。
广东省发展改革委
广东省住房城乡建设厅
广东省市场监督管理局
2019年8月22日
关于规范城镇燃气工程安装收费的指导意见
发改价格〔2019〕1131号
各省、自治区、直辖市发展改革委、物价局，住房和城乡建设厅（局）、城市管理委、市场监管局：
　　随着我国天然气市场发展，管道燃气日益普及，居民生活便利程度大大提高。但在燃气工程安装过程中，存在部分企业利用市场优势地位强制服务并收费、收费标准偏高，指定施工单位、限制竞争等问题，影响了市场秩序，加重了用户负担。为规范城镇燃气工程安装行为，加强工程安装收费管理，根据《国务院关于促进天然气稳定协调发展的若干意见》（国发﹝2018﹞31号），现提出指导意见如下。
　　一、明确城镇燃气工程安装费定义及内涵。城镇燃气工程安装费是指为保障用户通气，相关企业提供建筑区划红线内燃气工程勘察、设计、施工、监理、验收等服务而收取的与工程建设相关的服务费和材料费等费用。燃气工程安装收费范围仅限于建筑区划红线内产权属于用户的资产，不得向红线外延伸。
　　二、加快构建燃气工程安装竞争性市场体系。各地要加快建立完善公平开放的燃气工程安装市场，鼓励具备燃气工程安装施工能力的企业依法取得相应市政公用工程施工资质后参与市场竞争，鼓励具备安装资质的企业跨区域开展工程安装和改造业务，促进市场竞争。燃气企业不得滥用市场支配地位垄断经营范围内工程安装业务，或指定利益相关方从事燃气工程安装，妨碍市场公平竞争。
　　三、合理确定城镇燃气工程安装收费标准。燃气工程安装竞争性市场体系尚未建立、收费标准纳入政府定价目录进行管理的地方，当地价格主管部门要建立健全监管机制，加强成本调查监审，对标行业先进水平，兼顾周边地区水平，合理确定收费标准，原则上成本利润率不得超过10%，现行收费标准偏高的要及时降低。同时，要创造条件加快建立完善燃气工程安装竞争性市场体系，充分发挥市场决定价格的作用。
　　城镇燃气工程安装收费标准由市场形成的地方，工程安装企业应当遵循公平合法、诚实信用的原则，合理确定收费标准，不得有价格欺诈、价格串通、牟取暴利等不正当价格行为。
　　四、取消城镇燃气工程安装不合理收费。凡与建筑区划红线内燃气工程安装工程设计、施工等服务和材料不相关的收费，包括开口费、接口费、接入费、入网费、清管费、通气费、点火费等类似费用，涉及建筑区划红线外市政管网资产的增压费、增容费等，涉及市政管网到建筑区划红线连接的初装费、接驳费、开通费等费用，以及其他成本已纳入配气价格的表具更换等收费项目，一律不得收取，并不得变换名目另行收取费用。
　　五、简化城镇居民新建住宅燃气工程安装等收费方式。与新建商品房配套建设规划红线范围内的燃气工程安装费用统一纳入商品房开发建设成本，房地产开发企业、燃气企业等不得另外向商品房买受人单独收取。燃气企业为排除用气安全隐患而开展的燃气表后至燃具前设施修理、材料更换等服务所需费用，纳入配气成本统筹考虑，不再另行收费。非居民用户燃气工程由城镇燃气企业或利益相关企业施工的，鼓励燃气企业结合用气量和用户协商收费优惠事宜，减轻用户负担。
　　六、规范城镇燃气安装工程施工管理。燃气工程安装参建各方要认真做好工程施工、监理、验收等相关工作，确保燃气工程安装质量。鼓励各地住房城乡建设部门制定当地燃气工程施工技术规范和标准，并明确工程建设管理、安全监督、事故赔偿等责任，落实参建各方质量安全主体责任，保障权责公平对等。施工企业要严格按照相关技术规范和标准施工，保障工程安装质量和供气安全。对施工质量不符合供气要求影响供气安全的，须按照地方住房城乡建设部门要求进行整改，经整改仍不符合要求或多次出现施工质量问题的，可依法依规采取纳入企业失信记录、市场禁入等措施。
　　七、推动信息公开强化社会监督。燃气工程安装收费标准由政府管理的，价格主管部门制定和调整收费标准，要通过门户网站等指定平台向社会公开价格水平和相关依据。燃气工程安装收费标准放开由市场竞争形成的，燃气工程安装企业要在显著位置标明收费标准和价格构成等依据，推进价格信息公开透明，接受用户咨询，强化社会监督。燃气工程安装企业不得收取未予标明的费用。
　　八、加强市场监管规范市场秩序。市场监督管理部门要持续开展城镇燃气工程安装领域反垄断执法，严厉打击垄断协议和凭借市场支配地位垄断燃气工程安装市场或指定利益相关方进行施工等行为。各地市场监督管理部门要加强价格监管，对以供气安全等为由对非利益相关方施工并已验收合格的燃气工程另行加价的，以及对已经取消的收费项目变换名目另行收费的，依法进行查处。典型案件要通过新闻媒体公开曝光，并纳入企业失信记录。
　　上述指导意见，请按照执行。对农村地区燃气工程安装收费管理，可参照本指导意见并结合当地实际情况制定具体政策。
　　国家发展改革委住房和城乡建设部
　　市场监管总局
　　2019年6月27日",,,,,,
CLI.12.6340017,暂停使用佛山市工程建设施工项目信用分类优选随机合理低价评定标暂行办法,佛山市政务服务数据管理局,地市级,2019/10/3,248,23,为保证我市工程建设施工项目招标投标活动顺利实施，,为保证我市工程建设施工项目招标投标活动顺利实施，现就《佛山市政务服务数据管理局关于暂停使用佛山市工程建设施工项目信用分类优选随机合理低价评定标暂行办法的通知》补充通知如下：,各区政务服务数据管理局，各招标人，各招标代理机构，各有关单位,区级,1,否,是,否,,,,,,,,,,佛山市各区,,,是,“招标人可根据实际情况决定是否暂停使用该办法。”,否,否,"    【法宝引证码】 CLI.12.6340017
原文链接：https://www.pkulaw.com/lar/4c3264b82f5f6d09bdf116911fc21dfdbdfb.html
佛山市政务服务数据管理局关于暂停使用佛山市工程建设施工项目信用分类优选随机合理低价评定标暂行办法的补充通知
佛山市政务服务数据管理局关于暂停使用佛山市工程建设施工项目信用分类优选随机合理低价评定标暂行办法的补充通知
各区政务服务数据管理局，各招标人，各招标代理机构，各有关单位：
　　为保证我市工程建设施工项目招标投标活动顺利实施，现就《佛山市政务服务数据管理局关于暂停使用佛山市工程建设施工项目信用分类优选随机合理低价评定标暂行办法的通知》补充通知如下：
　　上述通知印发前，使用了信用分类优选随机合理低价评定标办法，并已发布招标公告尚未开标的项目，招标人可根据实际情况决定是否暂停使用该办法。如暂停使用，须按照《广东省实施〈中华人民共和国招标投标法〉办法》（2018年修订）执行。
　　特此通知。
佛山市政务服务数据管理局
2019年10月3日",,,,,,
CLI.12.1543947,农村“厕所革命”财政奖补,广东省财政厅、广东省农业农村厅,省级,2019/9/30,4603,30,为规范和加强农村“厕所革命”奖补资金管理，提高资金使用效益，,"""为规范和加强农村“厕所革命”奖补资金管理，提高资金使用效益，根据《中华人民共和国预算法》《财政部 农业农村部关于开展农村“厕所革命”整村推进财政奖补工作的通知》《土地指标跨省域调剂收入安排的支出管理暂行办法》《广东省涉农资金统筹整合实施方案（试行）》等规定，结合农村“厕所革命”工作实际，制定本细则。""",各地级以上市财政局、农业农村局，财政省直管县（市）财政局、农业农村局,地级市,1,提及,否,否,是,对中央财政农村“厕所革命”整村推进奖补资金（以下简称中央奖补资金）以及省级在乡村振兴（生态宜居美丽乡村）中统筹的资金（以下简称省级奖补资金）在预算编制、分配、监督、信息公开、绩效管理等方面实行统一管理；在资金下达和使用管理方面，省级奖补资金纳入省级涉农资金统筹整合，按照省级涉农资金管理的相关要求执行,是,本细则自印发之日起施行，有效期5年。,是,2737,是,5条规定,"　第五章　监督检查和绩效管理
　　第十八条　预算年度终了后，省农业农村厅要组织市县开展绩效自评，并结合每年度乡村振兴实绩考核情况等对市县开展绩效评价，形成资金整体绩效自评报告报省财政厅备案。省财政厅视情况进行重点绩效评价。绩效评价结果作为专项资金预算安排、政策调整、资金分配的重要参考依据。
　　第十九条　省农业农村厅负责对奖补资金分配下达、实际支付、项目实施、任务清单和绩效目标实现、信息公开进行全面核查和重点抽查。
　　第二十条　各级业务主管部门、项目承担单位应自觉接受人大、审计、财政等部门的监督检查，配合提供相关材料。
　　第二十一条　奖补资金实行责任追究机制。对专项资金使用管理过程中存在违规行为的单位、个人，按照《中华人民共和国预算法》《财政违法违规行为处罚处分条例》等法律法规及相关规定进行严肃处理，涉及违法犯罪的，移送司法机关处理。
　　第二十二条　奖补资金分配、执行和结果等全过程信息按照“谁制定、谁分配、谁使用、谁公开”的原则予以公开。其中县级奖补资金管理办法或方案、奖补资金申报通知指引、奖补到村的资金分配方案等，应在县级相关部门门户网站进行公示，补贴到户的资金分配情况应在本村进行公示。",粤东西北14个地级市所辖县（市、区）以及江门市恩平市、台山市、开平市、鹤山市。,是,20,是,“结合实际情况，科学确定本地农村“厕所革命”奖补方案，”,否,否,"    【法宝引证码】 CLI.12.1543947
原文链接：https://www.pkulaw.com/lar/793b7adcaa5adcba64752d5cd9d8b6e2bdfb.html
广东省财政厅、广东省农业农村厅关于印发《广东省农村“厕所革命”财政奖补资金管理细则》的通知
广东省财政厅、广东省农业农村厅关于印发《广东省农村“厕所革命”财政奖补资金管理细则》的通知

（粤财农〔2019〕150号）

各地级以上市财政局、农业农村局，财政省直管县（市）财政局、农业农村局：

　　为规范“厕所革命”整村推进财政奖补资金管理和使用，提高资金使用效益，根据《财政部 农业农村部关于开展农村“厕所革命”整村推进财政奖补工作的通知》等文件规定，我们制定了《广东省农村“厕所革命”财政奖补资金管理细则》，现印发给你们，请遵照执行。
广东省财政厅

广东省农业农村厅

2019年9月30日
　　广东省农村“厕所革命”财政奖补资金管理细则
　第一章　总则
　　第一条　为规范和加强农村“厕所革命”奖补资金管理，提高资金使用效益，根据《中华人民共和国预算法》《财政部 农业农村部关于开展农村“厕所革命”整村推进财政奖补工作的通知》《土地指标跨省域调剂收入安排的支出管理暂行办法》《广东省涉农资金统筹整合实施方案（试行）》等规定，结合农村“厕所革命”工作实际，制定本细则。
　　第二条　本细则所称农村“厕所革命”财政奖补资金（以下简称奖补资金）是指省级统筹中央财政农村“厕所革命”整村推进奖补资金、省级乡村振兴（生态宜居美丽乡村）资金等，对有关市县推进农村“厕所革命”予以奖补支持的资金。奖补资金每年度预算根据农村“厕所革命”上一年度推进完成情况和效果、年度工作计划、中央下达补助资金及省财政财力情况等确定。

　　对中央财政农村“厕所革命”整村推进奖补资金（以下简称中央奖补资金）以及省级在乡村振兴（生态宜居美丽乡村）中统筹的资金（以下简称省级奖补资金）在预算编制、分配、监督、信息公开、绩效管理等方面实行统一管理；在资金下达和使用管理方面，省级奖补资金纳入省级涉农资金统筹整合，按照省级涉农资金管理的相关要求执行。
　　第三条　奖补资金主要用于支持市县按照《中央农办 农业农村部 国家卫生健康委 住房城乡建设部 文化和旅游部 国家发展改革委 财政部 生态环境部关于推进农村“厕所革命”专项行动的指导意见》及《中共广东省委办公厅　广东省人民政府办公厅印发〈关于全域推进农村人居环境整治建设生态宜居美丽乡村的实施方案〉的通知》等有关文件部署要求，推进农村“厕所革命”工作，分步骤完成农村户用厕所无害化改造，厕所粪污有效处理或无害化利用，普遍建立管护长效机制以及按需求建设标准化公厕等任务。

　　农村“厕所革命”奖补资金的支持范围为粤东西北14个地级市所辖县（市、区）以及江门市恩平市、台山市、开平市、鹤山市。
　　第四条　奖补资金的管理和使用坚持“依法依规、公正公开，突出重点、科学分配；注重绩效、规范管理”的原则，充分调动市县组织实施和农民群众自愿参与“厕所革命”的积极性。

　第二章　职责分工
　　第五条　省财政厅、省农业农村厅按职责分工负责奖补资金的使用管理。

　　省财政厅负责牵头拟定奖补资金管理细则；审核奖补资金绩效目标等；审核资金分配方案，办理资金下达和拨付；对预算执行和绩效运行开展监控，组织开展全过程预算绩效管理。

　　省农业农村厅全面负责奖补资金预算编制和执行，对资金支出进度、绩效、安全性和规范性等负责。对下达市县的资金执行情况进行指导和监管；负责制定明细分配方案、任务清单和分解绩效目标；对奖补资金执行情况和绩效运行进行日常跟踪监管；负责奖补资金绩效管理、信息公开；加强农村户厕数据管理，按要求报送年度实施情况和下年度计划。
　　第六条　市县财政部门将省下达的奖补资金纳入预算全流程规范管理，做好资金转下达和拨付工作，实施预算绩效管理等。

　　市县农业农村部门承担奖补资金的预算执行、绩效目标监控、任务清单实施的主体责任，确保完成省下达的约束性任务和绩效目标；负责市县项目库管理，组织项目实施和监管，加强资金管理，做好信息公开、绩效自评、项目验收考评等工作；接受省级监督检查和绩效评价；加强农村户厕数据管理。
　　第七条　镇、村以及其他项目承担单位对项目实施和奖补资金使用负责，严格执行资金预算，具体组织项目实施，加强财务管理，接受验收考评、监督检查和绩效评价。

　第三章　奖补资金预算编制
　　第八条　在年度预算编制阶段，省农业农村厅应按照预算编制程序，编制奖补资金预算，将农村“厕所革命”事项按程序纳入专项资金目录清单，报送省财政厅汇总报批。
　　第九条　省级由省农业农村厅按照因素法分配奖补资金。分配因素主要包括：

　　（一）绩效因素。上一年度完成改厕数量，累计完成改厕的数量、比例，推进厕所粪污治理和资源化利用情况，建立长效管护机制情况，农村公厕建设和管护情况，资金支出进度，绩效评价情况，乡村振兴实绩考核情况等。

　　（二）任务因素。本年度改厕计划、剩余改厕任务量等。

　　（三）分档因素。参照基本公共服务领域事权与支出责任划分的原则，实行差别化分档管理。第一、二、三档的分档系数原则上按1：0.85：0.65确定。

　　第一档为重点革命老区县、少数民族县。包括：汕头市潮阳区、潮南区，韶关市南雄市、乳源瑶族自治县，河源市和平县、龙川县、连平县、紫金县，梅州市兴宁市、梅县区、平远县、蕉岭县、大埔县、丰顺县、五华县、梅江区，惠州市惠东县，汕尾市陆丰市、海丰县、陆河县、城区，清远市连山壮族瑶族自治县、连南瑶族自治县，潮州市饶平县，揭阳市普宁市、揭西县、惠来县。

　　第二档为除第一档以外的北部生态发展区和东西两翼沿海经济带市县。包括：汕头、韶关、河源、梅州、汕尾、阳江、湛江、茂名、清远、潮州、揭阳、云浮等12市，以及惠州市龙门县，肇庆市广宁县、封开县、德庆县、怀集县。

　　第三档为珠三角核心区财力相对薄弱市县。包括：惠州市及惠城区、惠阳区、博罗县，肇庆市及端州区、鼎湖区、高要区、四会市，江门恩平市、台山市、开平市、鹤山市。

　　奖补资金分配因素侧重选取改厕完成情况、管护机制建立情况、调动农民积极性情况等绩效因素以及分档因素，适当兼顾改厕计划等任务因素。每年分配资金选择的因素和权重，根据当年农村“厕所革命”工作推进情况、重点任务情况等可适当调整。
　　第十条　在年度预算编制环节，奖补资金预算（包括财政部提前下达的中央奖补资金以及省级奖补资金）应细化分配至市县，并按规定提前下达，提前下达比例原则上不低于70%。
　　第十一条　省农业农村厅在编制奖补资金预算时，应对照中央和省级有关文件部署，按规定申报绩效目标。绩效目标应合理可达到，由与农村“厕所革命”直接相关，可量化评估的数量、质量社会效益、生态效益、可持续影响、服务对象满意度等绩效指标构成。具体绩效指标构成和指标值应与财政部下达中央财政奖补资金的绩效目标和指标相衔接，确保财政部下达（或向财政部备案）的年度绩效目标如期实现。

　第四章　专项资金执行及管理
　　第十二条　省农业农村厅对奖补资金研究提出资金分配方案（含细化分解的任务清单及绩效目标），按规定程序报批、公示无异议后，应在预算法规定下达时限7日前报送省财政厅，并同步在预算管理系统中提交资金分配二级项目、绩效目标及经济分类等数据信息。省财政厅按照中央有关文件及细则规定审核后，于7日内下达或向省农业农村厅反馈审核意见。省农业农村厅在收到省财政厅反馈审核意见后，在7日内报送修改后的资金分配方案。其中：

　　（一）对于中央奖补资金，省财政厅收到财政部下达中央财政奖补资金的文件后，于3日内通知省农业农村厅，省农业农村厅在收到省财政厅通知后20日内将资金分配方案报送省财政厅。

　　（二）对于省级奖补资金，按照省级涉农资金管理要求，纳入农村人居环境整治类涉农资金整体下达市县。
　　第十三条　奖补资金实行“大专项＋任务清单”管理方式，具体项目审批权限下放县级。省农业农村厅在编制资金分配方案时应同时制定任务清单，区分约束性任务和指导性任务，并制定奖补资金区域绩效目标。奖补资金任务清单、绩效目标应符合省级涉农统筹整合改革的有关要求。
　　第十四条　奖补资金由市县统筹使用。

　　补助方向。主要支持粪污收集、储存、运输、资源化利用及后期管护能力提升等方面的设施设备建设，包括但不限于农村户厕改造、接入污水管网、农村公厕新建（改造）等，也可以用于通过政府购买服务、以奖代补等方式建立后续管护机制。各地可根据工作实际确定具体支持内容。

　　补助对象。侧重奖励上年完成任务的村和户，兼顾补助当年实施的村和户。

　　补助方式。鼓励采取“先建后补、以奖代补”等方式。

　　项目安排。注重户厕改造整村推进，完成整村推进的行政村户用卫生厕所普及率应达到85%以上，且厕所粪污通过“三格式”等有效方式实现无害化处理或资源化利用。未实现粪污无害化处理或资源化利用的卫生厕所不予以奖补。奖补实行一宅一厕，多年无人居住或三年内有搬迁计划的农户可不列入改造计划，不计为改厕户数基数。
　　第十五条　奖补资金不得用于：

　　（一）行政事业单位基本支出；

　　（二）各种奖金、津贴和福利补助；

　　（三）弥补企业亏损；

　　（四）修缮楼堂馆所；

　　（五）弥补预算支出缺口和偿还债务及利息；

　　此外，中央奖补资金不得用于与农村“厕所革命”无关的事项，省级奖补资金按照省级涉农资金统筹整合的要求，县级在确保完成约束性任务的前提下，可以统筹用于其它涉农项目。
　　第十六条　各县（市、区）农业农村、财政等部门，应统筹中央和省级奖补资金、其他省级涉农资金和市县安排的补助资金，结合实际情况，科学确定本地农村“厕所革命”奖补方案，明确补助对象范围、具体补助标准、补助方式、资金管理要求等。各地级以上市农业农村、财政等部门应加强指导，于收到本细则2个月内汇总所辖县（市、区）奖补方案，报省农业农村厅备案。
　　第十七条　奖补资金按照国库集中支付有关规定办理资金拨付手续，涉及政府采购、招投标的，按照有关规定办理。

　第五章　监督检查和绩效管理
　　第十八条　预算年度终了后，省农业农村厅要组织市县开展绩效自评，并结合每年度乡村振兴实绩考核情况等对市县开展绩效评价，形成资金整体绩效自评报告报省财政厅备案。省财政厅视情况进行重点绩效评价。绩效评价结果作为专项资金预算安排、政策调整、资金分配的重要参考依据。
　　第十九条　省农业农村厅负责对奖补资金分配下达、实际支付、项目实施、任务清单和绩效目标实现、信息公开进行全面核查和重点抽查。
　　第二十条　各级业务主管部门、项目承担单位应自觉接受人大、审计、财政等部门的监督检查，配合提供相关材料。
　　第二十一条　奖补资金实行责任追究机制。对专项资金使用管理过程中存在违规行为的单位、个人，按照《中华人民共和国预算法》《财政违法违规行为处罚处分条例》等法律法规及相关规定进行严肃处理，涉及违法犯罪的，移送司法机关处理。
　　第二十二条　奖补资金分配、执行和结果等全过程信息按照“谁制定、谁分配、谁使用、谁公开”的原则予以公开。其中县级奖补资金管理办法或方案、奖补资金申报通知指引、奖补到村的资金分配方案等，应在县级相关部门门户网站进行公示，补贴到户的资金分配情况应在本村进行公示。

　第六章　附　则
　　第二十三条　各级农业农村部门应加强农村改厕数据管理，详细掌握截至2018年底未完成农村改厕的基本信息（包含村庄数量、名称，村庄内未完成改厕户数等）、2019年及以后年度每年完成农村改厕的基本信息（包含年度完成整村推进的村庄数量、名称、以及完成改厕户数等），实行“建档立卡，逐个销号”。

　　每年1月15日前，各地级以上市农业农村部门应调度统计所辖县（市、区）上年度实施情况及下年度实施计划，审核汇总后报送省农业农村厅。省农业农村厅审核汇总后，联合省财政厅于每年1月31日前报送农业农村部、财政部。
　　第二十四条　各级农业农村部门、财政部门应加强信息互通，对收到上级有关奖补资金下达、使用、管理有关文件的，应及时以适当方式通知同级相关部门。
　　第二十五条　本细则由省财政厅、省农业农村厅负责解释。
　　第二十六条　本细则自印发之日起施行，有效期5年。
",,,,,,
CLI.12.5769104,征询对乌东德电站送电广东广西特高压多端直流示范工程广东受端交流配套工程(广州段)建设通告意见,广州市住房和城乡建设局,地级市,2019/9/20,374,126,为加快推进乌东德电站送电广东广西特高压多端直流示范工程广东受端交流配套工程（广州段）建设，满足乌东德多端直流工程广东受端龙门换流站的电能送出要求，解决广东500万千瓦电力缺口，满足珠三角东北部负荷中心用电需求，增强电网可靠性，提高电网抵御自然灾害能力，,为加快推进乌东德电站送电广东广西特高压多端直流示范工程广东受端交流配套工程（广州段）建设，满足乌东德多端直流工程广东受端龙门换流站的电能送出要求，解决广东500万千瓦电力缺口，满足珠三角东北部负荷中心用电需求，增强电网可靠性，提高电网抵御自然灾害能力，我局根据相关法律法规，草拟了《广州市住房和城乡建设局关于乌东德电站送电广东广西特高压多端直流示范工程广东受端交流配套工程（广州段）建设的通告（征求意见稿）》（见附件）。,各界人士,,2,否,否,是,否,,否,,否,无,否,无,,乌东德电站送电广东广西特高压多端,否,0,否,,否,是,"    【法宝引证码】 CLI.12.5769104
原文链接：https://www.pkulaw.com/lar/c9fd8157b49d199ce022b79d1dc8985bbdfb.html
广州市住房和城乡建设局关于征询对乌东德电站送电广东广西特高压多端直流示范工程广东受端交流配套工程(广州段)建设通告意见的通知
广州市住房和城乡建设局关于征询对乌东德电站送电广东广西特高压多端直流示范工程广东受端交流配套工程(广州段)建设通告意见的通知
　　为加快推进乌东德电站送电广东广西特高压多端直流示范工程广东受端交流配套工程（广州段）建设，满足乌东德多端直流工程广东受端龙门换流站的电能送出要求，解决广东500万千瓦电力缺口，满足珠三角东北部负荷中心用电需求，增强电网可靠性，提高电网抵御自然灾害能力，我局根据相关法律法规，草拟了《广州市住房和城乡建设局关于乌东德电站送电广东广西特高压多端直流示范工程广东受端交流配套工程（广州段）建设的通告（征求意见稿）》（见附件）。现向社会公开征求意见，欢迎各界人士提出意见和建议。征求意见时间为2019年9月26日至10月5日，各界人士可通过传真或网络邮件方式反馈意见（传真机号：83124956，邮箱地址gzzjwggc＠126．com）。
　　附件：广州市住房和城乡建设局关于乌东德电站送电广东广西特高压多端直流示范工程广东受端交流配套工程（广州段）建设的通告（征求意见稿）.doc
广州市住房和城乡建设局
2019年9月20日",,,,,,
CLI.12.6733275,委托开展2020年卫生镇、村创建(复审)现场核查评估项目，委托社会组织开展调查评估,广州市卫生健康委员会,地级市,2019/7/30,2301,55,"根据2020年委本级“专项工作经费""项目支出预算，为执行“委托第三方开展卫生镇村的暗访调查评估""经费20万元，","根据2020年委本级“专项工作经费""""项目支出预算，为执行“委托第三方开展卫生镇村的暗访调查评估""""经费20万元，我委编制了《2020年卫生镇、村创建（复审）现场核查评估项目用户需求》，拟采取购买服务方式，委托社会组织开展调查评估，现予以挂网公示。感谢您的提问！",社会组织,,4,提及,否,否,是,拟采取购买服务方式，委托社会组织开展调查评估，,是,公示期限：2020年7月30日至2020年8月12日（共10个工作日）。,是,570,是,评估记分表,文件中所有提及“评估记分表”的地方,约16个镇（街），主要调查评估各镇（街）的镇区,否,0,否,,否,是,"    【法宝引证码】 CLI.12.6733275
原文链接：https://www.pkulaw.com/lar/a7e98506040da5cd0b40f181285068d2bdfb.html
广州市卫生健康委员会关于委托开展2020年卫生镇、村创建(复审)现场核查评估项目的公告
广州市卫生健康委员会关于委托开展2020年卫生镇、村创建(复审)现场核查评估项目的公告
　　根据2020年委本级“专项工作经费""项目支出预算，为执行“委托第三方开展卫生镇村的暗访调查评估""经费20万元，我委编制了《2020年卫生镇、村创建（复审）现场核查评估项目用户需求》，拟采取购买服务方式，委托社会组织开展调查评估，现予以挂网公示。请有意愿承接服务的社会组织在公示期限内提交《2020年卫生镇、村创建（复审）现场核查评估项目技术服务方案》，供我委综合比对，确定委托一家社会组织承接该项目。公示期限：2020年7月30日至2020年8月12日（共10个工作日）。
　　联系方式：广州市卫生健康委员会
　　地址：广州市越秀区竹丝岗四马路12号邮政编码：510030
　　联系人：马先生
　　电话：83171623
　　邮箱：wjwawb@gz.gov.cn
广州市卫生健康委员会
2019年7月30日
2020年卫生镇、村创建（复审）现场核查评估项目用户需求
　　一、国家（省）卫生镇现场核查项目
　　（一）现场核查内容
　　对照国家和广东省卫生镇标准，组成专家组对各区申报创建（复审）的国家和省卫生镇的组织管理、健康教育、环境卫生、环境保护、病媒生物防制、食品安全、生活饮用水及公共场所卫生、传染病防治、社区卫生、乡镇辖村卫生、群众满意度等情况进行现场核查，重点核查申报镇日常卫生管理和卫生基础设施建设情况，特别是背街小巷、居民社区、农贸市场、中小餐饮、城中村和城乡接合部等重点部位的卫生管理、病媒生物防制和垃圾收运系统建设管理等内容，并听取当地群众意见。以暗访或明检的方式，“国家卫生镇""申报镇按照卫生镇标准和暗访评价表进行现场核查，并形成暗访评价报告；“广东省卫生镇""申报镇按照卫生镇标准和暗访评价表（或评估记分表）进行现场核查，并形成暗访评价报告或技术评估报告。
　　（二）现场核查标准
　　参见《国家卫生乡镇（县城）标准》和《广东省卫生镇（县城）标准》，具体评分依照《卫生镇（县城）暗访要求和说明》和《卫生镇（县城）暗访评价表》、《广东省卫生乡镇（县城）评估记分表》（附件1、2、3）。
　　（三）现场核查要求
　　1.评估对象：约16个镇（街），主要调查评估各镇（街）的镇区。
　　2.专家团队：每个镇（街）不少于2个专家组，每个专家组不少于3人，其中2人需从省（市）的爱卫专家库中抽取。评估报告由专家组共同完成。
　　3.核查样本：每个镇（街）不少于主次干道3条、背街小巷3条、住宅小区1个、周边农村1个、农贸市场1个、建筑（待建、拆迁）工地1个、镇区水体1个、“五小""行业（小食品经营及加工单位、小理发美容店、小旅店、小浴室、小歌舞厅等）5个、医院1间、垃圾中转站1个、长途汽车站（或火车站）1个、公共厕所2间。根据每个镇（街）的镇区面积，样本量要求会有所增加。
　　4.交付成果：
　　（1）暗访评价报告（含卫生镇暗访评价表、暗访情况PPT）。
　　（2）技术评估报告（含卫生镇评估记分表）。
　　5.交付时间：单个任务下达后10个工作日内交付结果，包括电子文本和打印文稿。
　　二、省（市）卫生村现场核查项目
　　（一）现场核查内容
　　对照广东省和广州市卫生村标准，组成专家组对各区的申报村的组织管理、健康教育、环境卫生与卫生设施、病媒生物防制、农村改水改厕、单位和家居环境卫生等方面开展情况进行现场核查，重点查看申报村日常卫生管理、卫生基础设施建设与管理情况，尤其是无害化卫生厕所建设和垃圾、污水处理等情况，并听取当地群众意见。并对检查对象的亮点、不足及需要解决的问题等方面形成现场核查评估报告。
　　（二）现场核查标准
　　1.组织管理。重视爱国卫生工作，村委会有专人负责卫生工作，分工明确，责任落实。村庄功能分区合理，有卫生管理制度。组织开展爱国卫生月活动，定期组织清洁整治行动。有卫生管理档案资料。有环境卫生清扫保洁人员。
　　2.健康教育。开展多种形式的健康教育活动。充分利用宣传栏、宣传橱窗、标语、单张、健康知识讲座等宣传农村改水改厕、病媒生物防制、控制吸烟和卫生防病等内容，卫生宣传栏内容每季度至少更换一次。村会议室有控烟标志，不设烟灰缸。
　　3.环境卫生与卫生设施。村容村貌整洁，路面平整，道路硬化率达标。待建地、老村区得到有效的管理，农具及杂物放置整齐有序，屋前屋后无杂物乱堆放。村庄垃圾定点或上门收集，定时清运，无暴露垃圾。有足够数量的密闭式垃圾屋、或垃圾桶、或垃圾收集转运站，没有使用开放式垃圾池。排水、排污管道三面硬底通畅，无破损，密闭率达标。
　　4.病媒生物防制。病媒生物预防控制措施落实，村内及其周边基本无蚊蝇孳生地，病媒生物密度得到有效控制。科学合理使用病媒生物防制药物，严禁使用国家禁用药物。村内饮食店、小卖部等重点单位防鼠、防蝇设施落实。
　　5.农村改水改厕。全部饮用安全卫生水，自来水普及率达标；家庭无害化卫生厕所普及率达标，公厕符合无害化卫生要求，无“旱厕""和“水厕""。
　　6.单位和家居环境卫生。村内食品和公共场所单位符合卫生要求。村级农贸市场划行归市、高台摆卖，地面硬底化，给排水设施完善，有专人清洁，无垃圾污水积存。禽畜粪便无害化处理措施落实。家居环境卫生整洁，厨房清洁，家禽圈养，人畜分离，禽畜粪便均经无害化卫生处理。广泛开展卫生先进评比活动。
　　（三）现场核查要求
　　1.评估对象：约200个行政村。
　　2.专家团队：从省（市）的爱卫专家库中抽取，组建不少于8人的专家团队，每个行政村现场核查不少于2名专家参与，评估报告由专家团队共同完成。
　　3.交付成果：
　　（1）现场核查评估报告。
　　（2）省、市卫生村现场检查表（附件4、5），每个行政村1份。
　　（3）每个行政村不少于5张现场照片，整理刻录光碟存档。
　　4.交付时间：单个任务下达后15个工作日内交付结果，包括电子文本和打印文稿。
　　三、被委托方资质条件
　　（一）社会组织，有《社会团体法人登记证书》，具备承接政府职能转移和购买服务资质。
　　（二）专家团队由广东省、广州市爱卫专家库成员组成。
　　四、经费预算
　　总额控制，不超过18万元。
　　附件：
附件1.卫生镇（县城）暗访要求和说明.docx附件预览
附件2.卫生镇（县城）暗访评价表 (1).docx附件预览
附件3.广东省卫生乡镇（县城）评估记分表.docx附件预览
附件4.广东省卫生村现场检查表.docx附件预览
附件5.广州市卫生村现场检查表.docx附件预览",,,,,,"    【法宝引证码】 CLI.12.6733275
原文链接：https://www.pkulaw.com/lar/a7e98506040da5cd0b40f181285068d2bdfb.html
广州市卫生健康委员会关于委托开展2020年卫生镇、村创建(复审)现场核查评估项目的公告
广州市卫生健康委员会关于委托开展2020年卫生镇、村创建(复审)现场核查评估项目的公告
　　根据2020年委本级“专项工作经费""项目支出预算，为执行“委托第三方开展卫生镇村的暗访调查评估""经费20万元，我委编制了《2020年卫生镇、村创建（复审）现场核查评估项目用户需求》，拟采取购买服务方式，委托社会组织开展调查评估，现予以挂网公示。请有意愿承接服务的社会组织在公示期限内提交《2020年卫生镇、村创建（复审）现场核查评估项目技术服务方案》，供我委综合比对，确定委托一家社会组织承接该项目。公示期限：2020年7月30日至2020年8月12日（共10个工作日）。
　　联系方式：广州市卫生健康委员会
　　地址：广州市越秀区竹丝岗四马路12号邮政编码：510030
　　联系人：马先生
　　电话：83171623
　　邮箱：wjwawb@gz.gov.cn
广州市卫生健康委员会
2019年7月30日
2020年卫生镇、村创建（复审）现场核查评估项目用户需求
　　一、国家（省）卫生镇现场核查项目
　　（一）现场核查内容
　　对照国家和广东省卫生镇标准，组成专家组对各区申报创建（复审）的国家和省卫生镇的组织管理、健康教育、环境卫生、环境保护、病媒生物防制、食品安全、生活饮用水及公共场所卫生、传染病防治、社区卫生、乡镇辖村卫生、群众满意度等情况进行现场核查，重点核查申报镇日常卫生管理和卫生基础设施建设情况，特别是背街小巷、居民社区、农贸市场、中小餐饮、城中村和城乡接合部等重点部位的卫生管理、病媒生物防制和垃圾收运系统建设管理等内容，并听取当地群众意见。以暗访或明检的方式，“国家卫生镇""申报镇按照卫生镇标准和暗访评价表进行现场核查，并形成暗访评价报告；“广东省卫生镇""申报镇按照卫生镇标准和暗访评价表（或评估记分表）进行现场核查，并形成暗访评价报告或技术评估报告。
　　（二）现场核查标准
　　参见《国家卫生乡镇（县城）标准》和《广东省卫生镇（县城）标准》，具体评分依照《卫生镇（县城）暗访要求和说明》和《卫生镇（县城）暗访评价表》、《广东省卫生乡镇（县城）评估记分表》（附件1、2、3）。
　　（三）现场核查要求
　　1.评估对象：约16个镇（街），主要调查评估各镇（街）的镇区。
　　2.专家团队：每个镇（街）不少于2个专家组，每个专家组不少于3人，其中2人需从省（市）的爱卫专家库中抽取。评估报告由专家组共同完成。
　　3.核查样本：每个镇（街）不少于主次干道3条、背街小巷3条、住宅小区1个、周边农村1个、农贸市场1个、建筑（待建、拆迁）工地1个、镇区水体1个、“五小""行业（小食品经营及加工单位、小理发美容店、小旅店、小浴室、小歌舞厅等）5个、医院1间、垃圾中转站1个、长途汽车站（或火车站）1个、公共厕所2间。根据每个镇（街）的镇区面积，样本量要求会有所增加。
　　4.交付成果：
　　（1）暗访评价报告（含卫生镇暗访评价表、暗访情况PPT）。
　　（2）技术评估报告（含卫生镇评估记分表）。
　　5.交付时间：单个任务下达后10个工作日内交付结果，包括电子文本和打印文稿。
　　二、省（市）卫生村现场核查项目
　　（一）现场核查内容
　　对照广东省和广州市卫生村标准，组成专家组对各区的申报村的组织管理、健康教育、环境卫生与卫生设施、病媒生物防制、农村改水改厕、单位和家居环境卫生等方面开展情况进行现场核查，重点查看申报村日常卫生管理、卫生基础设施建设与管理情况，尤其是无害化卫生厕所建设和垃圾、污水处理等情况，并听取当地群众意见。并对检查对象的亮点、不足及需要解决的问题等方面形成现场核查评估报告。
　　（二）现场核查标准
　　1.组织管理。重视爱国卫生工作，村委会有专人负责卫生工作，分工明确，责任落实。村庄功能分区合理，有卫生管理制度。组织开展爱国卫生月活动，定期组织清洁整治行动。有卫生管理档案资料。有环境卫生清扫保洁人员。
　　2.健康教育。开展多种形式的健康教育活动。充分利用宣传栏、宣传橱窗、标语、单张、健康知识讲座等宣传农村改水改厕、病媒生物防制、控制吸烟和卫生防病等内容，卫生宣传栏内容每季度至少更换一次。村会议室有控烟标志，不设烟灰缸。
　　3.环境卫生与卫生设施。村容村貌整洁，路面平整，道路硬化率达标。待建地、老村区得到有效的管理，农具及杂物放置整齐有序，屋前屋后无杂物乱堆放。村庄垃圾定点或上门收集，定时清运，无暴露垃圾。有足够数量的密闭式垃圾屋、或垃圾桶、或垃圾收集转运站，没有使用开放式垃圾池。排水、排污管道三面硬底通畅，无破损，密闭率达标。
　　4.病媒生物防制。病媒生物预防控制措施落实，村内及其周边基本无蚊蝇孳生地，病媒生物密度得到有效控制。科学合理使用病媒生物防制药物，严禁使用国家禁用药物。村内饮食店、小卖部等重点单位防鼠、防蝇设施落实。
　　5.农村改水改厕。全部饮用安全卫生水，自来水普及率达标；家庭无害化卫生厕所普及率达标，公厕符合无害化卫生要求，无“旱厕""和“水厕""。
　　6.单位和家居环境卫生。村内食品和公共场所单位符合卫生要求。村级农贸市场划行归市、高台摆卖，地面硬底化，给排水设施完善，有专人清洁，无垃圾污水积存。禽畜粪便无害化处理措施落实。家居环境卫生整洁，厨房清洁，家禽圈养，人畜分离，禽畜粪便均经无害化卫生处理。广泛开展卫生先进评比活动。
　　（三）现场核查要求
　　1.评估对象：约200个行政村。
　　2.专家团队：从省（市）的爱卫专家库中抽取，组建不少于8人的专家团队，每个行政村现场核查不少于2名专家参与，评估报告由专家团队共同完成。
　　3.交付成果：
　　（1）现场核查评估报告。
　　（2）省、市卫生村现场检查表（附件4、5），每个行政村1份。
　　（3）每个行政村不少于5张现场照片，整理刻录光碟存档。
　　4.交付时间：单个任务下达后15个工作日内交付结果，包括电子文本和打印文稿。
　　三、被委托方资质条件
　　（一）社会组织，有《社会团体法人登记证书》，具备承接政府职能转移和购买服务资质。
　　（二）专家团队由广东省、广州市爱卫专家库成员组成。
　　四、经费预算
　　总额控制，不超过18万元。
　　附件：
附件1.卫生镇（县城）暗访要求和说明.docx附件预览
附件2.卫生镇（县城）暗访评价表 (1).docx附件预览
附件3.广东省卫生乡镇（县城）评估记分表.docx附件预览
附件4.广东省卫生村现场检查表.docx附件预览
附件5.广州市卫生村现场检查表.docx附件预览"
CLI.12.2427479,关于进一步加强全市安全生产“网格化、实名制”监管工作的通知,青岛市安全生产委员会办公室,地级市,2017/9/30,2966,462,"为认真贯彻落实党中央、国务院关于安全生产领域改革发展意见，坚决防范和遏制重特大事故，推动全市安全生产形势持续稳定好转，根据青岛市安全生产工作任务总体要求，结合我市实际，现就进一步加强全市安全生产“网格化、实名制""监管工作通知如下：一、提高认识
　　近年来，青岛市委、市政府按照省委关于“党委领导、政府监管、行业管理、企业负责、社会监督""的总体部署，谋划了“一格三网九定""、“横向到边纵向到底""的“网格化""监管总体框架，实行责任制与属地化、信息化相结合，构建起区域网格监管与行业专业监管互动推进的安全生产格局。根据省局总体要求，我市在“网格化""监管的基础上，全面排查生产经营单位安全生产监管情况，同步推进安全生产“实名制""监管，进一步压实安全生产行业监管责任。“网格化、实名制""监管作为我市推动落实安全生产责任的一项重要举措，持续部署推进。今年，《省安监局2017年重点工作安排方案》（鲁安监发〔2017〕1号）继续提出加强城乡社区（村居）安全生产网格化建设，并做出了具体工作要求，“网格化、实名制""监管工作需得到进一步重视和落实。","为认真贯彻落实党中央、国务院关于安全生产领域改革发展意见，坚决防范和遏制重特大事故，推动全市安全生产形势持续稳定好转，根据青岛市安全生产工作任务总体要求，结合我市实际，现就进一步加强全市安全生产“网格化、实名制""""监管工作通知如下：",各区市、保税港区、红岛经济区管委安委会办公室，市政府有关部门，市直单位，中央、省驻青单位,区级,10,提及,否,否,是,紧密结合年度重点工作，推进安全生产监管责任落实，摸排安全生产监管底数，深化安全生产实名制监管，推动安全风险管控与隐患排查治理，夯实镇街、社区等基层网格化应用基础，加快安全监管信息化步伐，推动全市安全生产形势稳定好转。,是,"请各区市、市政府有关部门、市直单位，中央、省驻青企业于10月13日前报送更新后的“网格化、实名制""监管工作通讯录，11月15日前报送年度“网格化、实名制""监管工作报告，",是,727,是,提交报告,"请各区市、市政府有关部门、市直单位，中央、省驻青企业于10月13日前报送更新后的“网格化、实名制""监管工作通讯录，11月15日前报送年度“网格化、实名制""监管工作报告，“网格化、实名制""监管台账、相关推进通知文件等有关支撑材料。",青岛各区市、保税港区、红岛经济区管委安委会办公室，市政府有关部门，直单位，中央、省驻青单位,是,18,否,,否,是,"    【法宝引证码】 CLI.12.2427479
原文链接：https://www.pkulaw.com/lar/d691dac6c9b0075cb6c28c31ea69429abdfb.html
青岛市安全生产委员会办公室关于进一步加强全市安全生产“网格化、实名制”监管工作的通知
青岛市安全生产委员会办公室关于进一步加强全市安全生产“网格化、实名制”监管工作的通知
青安办[2017]119号
各区市、保税港区、红岛经济区管委安委会办公室，市政府有关部门，市直单位，中央、省驻青单位：
　　为认真贯彻落实党中央、国务院关于安全生产领域改革发展意见，坚决防范和遏制重特大事故，推动全市安全生产形势持续稳定好转，根据青岛市安全生产工作任务总体要求，结合我市实际，现就进一步加强全市安全生产“网格化、实名制""监管工作通知如下：
　　一、提高认识
　　近年来，青岛市委、市政府按照省委关于“党委领导、政府监管、行业管理、企业负责、社会监督""的总体部署，谋划了“一格三网九定""、“横向到边纵向到底""的“网格化""监管总体框架，实行责任制与属地化、信息化相结合，构建起区域网格监管与行业专业监管互动推进的安全生产格局。根据省局总体要求，我市在“网格化""监管的基础上，全面排查生产经营单位安全生产监管情况，同步推进安全生产“实名制""监管，进一步压实安全生产行业监管责任。“网格化、实名制""监管作为我市推动落实安全生产责任的一项重要举措，持续部署推进。今年，《省安监局2017年重点工作安排方案》（鲁安监发〔2017〕1号）继续提出加强城乡社区（村居）安全生产网格化建设，并做出了具体工作要求，“网格化、实名制""监管工作需得到进一步重视和落实。
　　二、明确目标
　　紧密结合年度重点工作，推进安全生产监管责任落实，摸排安全生产监管底数，深化安全生产实名制监管，推动安全风险管控与隐患排查治理，夯实镇街、社区等基层网格化应用基础，加快安全监管信息化步伐，推动全市安全生产形势稳定好转。
　　三、重点工作
　　（一）推进安全生产责任落实
　　1.进一步健全完善安全生产监管责任。贯彻落实《中共中央国务院关于推进安全生产领域改革发展的意见》，进一步完善包含开发区、工业园区、港区、风景区等在内的监管网格，明确属地党委和政府领导责任，坚持党政同责、一岗双责、齐抓共管、失职追责的安全生产责任体系。按照“管行业必须管安全、管业务必须管安全、管生产经营必须管安全""和“谁主管谁负责""的原则，逐步厘清安全生产综合监管与行业监管的关系，督促负有安全监管监察职责的部门和行业管理部门制定安全生产权力和责任清单。推动明确各有关部门安全生产和职业健康工作职责，进一步完善安全生产和职业健康“一体化""的网格化监管业务流程，推动属地政府、部门安全生产权力、责任清单和目标责任书在网格化平台予以公示。
　　2.推动生产经营单位严格落实安全生产主体责任。各区市要推动生产经营单位按照安全责任、管理、投入、培训和应急救援“五到位""的要求，规范安全生产和职业健康管理，实行全员安全生产责任制度；健全完善生产经营单位主要负责人履行安全生产基本职责信息（以下简称“履职信息""）网上报告制度，规范履职信息报告内容、时限和要求，确保生产经营单位按要求通过网格化监管系统企业终端报送责任落实、隐患查纠、应急管理、教育培训等相关信息。各部门要将此类信息作为生产经营单位落实安全生产主体责任的内容之一，充分利用信息化手段，提高安全监管实效。各网格要督促矿山开采、建筑施工、金属冶金、船舶修造、道路运输、城市轨道交通运营、水路运输单位、烟花爆竹、危险物品的生产、经营、储存单位，存在重大危险源的单位和规模以上工、商业企业主要负责人落实履职信息网上报告。
　　（二）摸排安全生产监管底数。各区市要健全生产经营单位调查摸底信息核查工作机制，组织各基础网格在前期调查摸底的基础上，分行业进一步核查安全监管对象的基础数量，更新资料，维护企业动态监管电子台账，健全完善“一区（市）一册""、“一街一册""，摸排辖区安全监管底数。生产经营单位要据实报送相关信息，主要负责人对报送信息的真实性、有效性负责。各区市要组织辖区各有关部门对核查情况进行抽查，市级有关行业部门要对各区市开展本行业（领域）生产经营单位信息核查工作进行指导，逐步摸清辖区安全生产监管底数。
　　（三）深化安全生产实名制监管。按照“三个必须""、“属地管理""的原则和省局要求，在企业调查摸底的基础上推进监管对象分级分类管理，划定实名制监管范围，明确各级网格监管对象。各区市对所有生产经营单位逐一落实属地监管单位、行业监管部门和专项监管部门责任，维护好网格化动态监管电子台账。涉及危险物品的生产、经营、储存，矿山开采，金属冶金，烟花爆竹等行业企业和存在重大危险源的单位监管责任要落实到人。
　　（四）推动安全风险分级管控和隐患排查治理体系建设。各网格要督促和指导企业开展安全风险因素分析、岗位风险辨识，排查可能导致事故发生的风险点，按危险程度排查分级，并在显著位置向广大职工公告，警示主要风险点、风险类别、风险等级、管控措施和应对措施。建立健全安全生产隐患分级管控机制，全面推行企业安全风险辨识、管控及事故隐患自查自纠自报制度，坚持关口前移、网格监管、分级分类、综合施策，从严从实做好隐患排查治理。
　　（五）积极推进镇街、社区应用。在整合镇街、社区资源的基础上，进一步规范基层网格化应用，细化基层网格化工作规则，明确基层工作责任，安排专人负责安全生产网格化管理。结合网格实际情况，参照《网格化平台使用工作规范》要求落实资金、设备、技术等保障措施，推动配备方便实用终端，提高监管效能。完善各级安全隐患分拨调度制度，及时处置有关隐患和违法违规行为。切实发挥社区安全巡查和网格员“走、宣、看，检、记、报""的信息传递作用，摸清安全生产监管底数，建立安全监管台账，积极开展巡视检查，把安全生产监管治理触角延伸到最末端。推进安全生产纳入城乡社区网格化管理。
　　四、工作要求
　　（一）健全网格化监管机制。各级安委办要加强综合协调，结合工作实际，健全安全生产网格化监管日常运行机制、督查检查机制、考核奖惩机制，完善网格化监管业务流程与人员职责。区市、镇街要以网格为单元加强部门间沟通协商，督促行业（领域）监管任务落实，统筹推进“网格化、实名制""监管工作。
　　（二）注重宣传培训。各级、各部门要深入贯彻落实“网格化、实名制""监管，开展相关业务培训。借助多种媒体采取多种方式定期普及“网格化、实名制""监管知识，指导镇街、社区和生产经营单位开展“网格化、实名制""监管，提升群众基础，推进网格化监管理念向纵深发展。
　　（三）强化信息化支撑。建立全市安全生产数据元和数据交换规范，加强全市安全生产风险分级管控与隐患排查治理、安全生产监管执法、应急救援等各类安全生产信息分析研究。积极推进隐患排查治理体系等安全生产管理信息系统与社会管理网格化信息系统的衔接，构建安全生产技术和智力支撑平台，丰富“网格化、实名制""监管应用。
　　（四）强化督查考核。各区市、有关部门要建立健全“网格化、实名制""监管考核机制，对“网格化、实名制""监管目标落实情况进行督查，定期形成目标落实报告，督促有关企业开展进度自查，推进“网格化、实名制""监管工作常态化。
　　请各区市、市政府有关部门、市直单位，中央、省驻青企业于10月13日前报送更新后的“网格化、实名制""监管工作通讯录，11月15日前报送年度“网格化、实名制""监管工作报告，“网格化、实名制""监管台账、相关推进通知文件等有关支撑材料。以上材料需同时提交可编辑电子版及加盖公章扫描件。各区市除提交以上材料外，需参照往年要求提交加盖公章的生产经营单位“网格化、实名制""监管名册白色封面胶装纸质原件及《安全生产纳入城乡社区网格化管理调度表》。
　　附件：“网格化、实名制”监管工作通讯录.doc附件预览
青岛市安全生产委员会办公室
2017年9月30日",,,,,,
CLI.12.2428001,关于印发《青岛市财政局安全生产管理工作制度》的通知,青岛市财政局,地级市,2017/9/29,1763,230,"为贯彻落实全市安全生产工作会议精神及中央、省、市关于安全生产的决策部署，充分发挥财政职能作用，切实加强当前安全生产工作，现结合财政工作实际，制定本制度。
　　一、总体要求
　　财政安全生产工作的总体要求是：以习近平总书记、李克强总理关于安全生产的重要指示批示精神为指导，以贯彻落实党中央、国务院《关于推进安全生产领域改革发展的意见》为主线，以杜绝安全事故为目标，坚持标本兼治，强化综合治理，加强风险管控，全面推进财政安全生产领域改革创新，推动财政安全生产工作水平全面提升。",为贯彻落实全市安全生产工作会议精神及中央、省、市关于安全生产的决策部署，充分发挥财政职能作用，切实加强当前安全生产工作，现结合财政工作实际，制定本制度。,机关各处室（局）、局属各单位,处级,1,提及,否,否,否,,否,,否,无,是,领导巡查,"四、安全督查
　　（一）完善领导干部带队检查制度
　　局主要领导每半年带队检查1次，局分管领导每季带队检查不少于1次，其他局领导抓好各自分管领域的日常监督；办公室每月检查不少于1次，食堂和物业每月检查不少于2次，确保安全生产监督检查制度化。
　　（二）加强安全生产的宣传与督导
　　办公室应加强全局安全生产的宣传与督导，在局办公楼内制作安全宣传展板、定期组织安全“实战""演练、安全消防知识讲座等，不断提高全局干部职工安全防范意识和应急处置能力。
　　（三）加大物业部门楼内巡查力度
　　办公室督促物业部门认真履行职责，加大日常检查、防范力度，切实做好电梯运行安全、防火、防盗、防破坏工作，确保机关办公楼安全。安保人员要认真值岗，查验证件，加强巡逻，发现问题及时妥善处置，对违规现象要及时上报。
　　（四）建立安全生产定期汇报制度
　　局安全生产工作领导小组办公室组织做好局安全生产、安全督导的工作记录，并定期向局安全生产工作领导小组做工作汇报，每年向局党委做1次专题汇报。",青岛财政局机关各处室（局）、局属各单位,否,0,否,,否,是,"    【法宝引证码】 CLI.12.2428001
原文链接：https://www.pkulaw.com/lar/90f24ba983ea92c05e18c9f78ce63533bdfb.html
青岛市财政局关于印发《青岛市财政局安全生产管理工作制度》的通知
青岛市财政局关于印发《青岛市财政局安全生产管理工作制度》的通知
机关各处室（局）、局属各单位：
　　现将《青岛市财政局安全生产管理工作制度》印发给你们，请遵照执行。
青岛市财政局
2017年9月29日
青岛市财政局安全生产管理工作制度
　　为贯彻落实全市安全生产工作会议精神及中央、省、市关于安全生产的决策部署，充分发挥财政职能作用，切实加强当前安全生产工作，现结合财政工作实际，制定本制度。
　　一、总体要求
　　财政安全生产工作的总体要求是：以习近平总书记、李克强总理关于安全生产的重要指示批示精神为指导，以贯彻落实党中央、国务院《关于推进安全生产领域改革发展的意见》为主线，以杜绝安全事故为目标，坚持标本兼治，强化综合治理，加强风险管控，全面推进财政安全生产领域改革创新，推动财政安全生产工作水平全面提升。
　　二、组织领导
　　成立由局主要领导任组长，分管领导为副组长，国库支付局局长、办公室主任、干教中心主任、预算评审中心主任为成员的局安全生产工作领导小组（见附件），同时下设办公室，由局办公室主任具体负责，从国库支付局、干教中心、预算评审中心、信息技术处、物业公司抽调人员组建安全工作联络员队伍，为安全工作开展奠定组织基础。
　　三、风险防控
　　（一）常规安全风险防控
　　1、安全风险点
　　（1）未按规定定期维护、检查电梯设备，造成电梯坠落、困人等安全事故，造成人身伤害。
　　（2）未按规定使用管理电器引发漏电风险；电路走火、对易燃物处理不当引起火灾。
　　（3）因消防设施配备不齐全或老化、安全通道阻塞、人员不熟悉逃生路线等因素加重火灾损失。
　　（4）未及时检查和更新消防设施、器材及供电设备、天然气运输管道等。
　　（5）天然气泄漏引发人员中毒或火灾。
　　2、责任分工及防控措施
　　（1）办公室会同物业公司做好电梯设备、消防设施、其他设备和器材的管理、维护、更新工作；及时检修维护供电设备、天然气用具和锅炉设备等；信息技术处应加强对机房的日常安全检查，发现问题应及时报告。
　　（2）办公室组织做好电梯设备、消防设施和器材等年度检查工作；督促各处室做好防火工作，定期进行防火检查，及时排除安全隐患。
　　（3）各处室严格按照规定管理火源和电源，及时发现和排除火灾及电险隐患，提高火灾应对能力。加强对本处室人员教育，不使用超出安全标准的大功率电器，下班后或长时间离开办公区域时切断电源，妥善处理易燃物，严禁在办公区域吸烟。合理利用办公空间，不在通道内乱堆乱放，堵塞逃生路线；能正确使用灭火器等消防设备，熟悉逃生路线。
　　（二）卫生防疫风险防控
　　1、安全风险点
　　（1）采购已过保质期限、假冒伪劣、腐烂、霉变等可能对人体健康造成危害的食品。
　　（2）食品受到污染；种类搭配不当或未按烹饪程序进行操作。
　　（3）发生重大传染病疫情。
　　2、责任分工及防控措施
　　（1）办公室督促食堂加强对食品采购、运输、储存、生产等环节的管理，保证食品安全、卫生；定期对食堂工作人员进行身体健康检查，降低疾病传染风险。
　　（2）办公室加强局内公共场所卫生防疫，定期对局内各区域进行清扫、消毒、喷撒蟑螂药等，减少疾病传染源。
　　（3）各处室保持办公区域卫生、整洁，降低传染病发生的可能性，发现疫情及时报告办公室。办公室按规定上报，会同相关单位妥善处置应对。
　　四、安全督查
　　（一）完善领导干部带队检查制度
　　局主要领导每半年带队检查1次，局分管领导每季带队检查不少于1次，其他局领导抓好各自分管领域的日常监督；办公室每月检查不少于1次，食堂和物业每月检查不少于2次，确保安全生产监督检查制度化。
　　（二）加强安全生产的宣传与督导
　　办公室应加强全局安全生产的宣传与督导，在局办公楼内制作安全宣传展板、定期组织安全“实战""演练、安全消防知识讲座等，不断提高全局干部职工安全防范意识和应急处置能力。
　　（三）加大物业部门楼内巡查力度
　　办公室督促物业部门认真履行职责，加大日常检查、防范力度，切实做好电梯运行安全、防火、防盗、防破坏工作，确保机关办公楼安全。安保人员要认真值岗，查验证件，加强巡逻，发现问题及时妥善处置，对违规现象要及时上报。
　　（四）建立安全生产定期汇报制度
　　局安全生产工作领导小组办公室组织做好局安全生产、安全督导的工作记录，并定期向局安全生产工作领导小组做工作汇报，每年向局党委做1次专题汇报。
　　五、附则
　　本制度自发布之日起施行。
　　附件
青岛市财政局安全生产工作领导小组成员名单
　　组长：周安市财政局党委书记、局长
　　副组长：鞠立果市财政局党委委员、副局长
　　成员：刘立佳市财政国库支付局局长
　　陈德铭市财政局办公室主任
　　刘健市财政干部教育中心主任
　　孙春梅市财政预算评审中心主任
　　领导小组下设办公室，办公室主任由陈德铭同志兼任。",,,,,,
CLI.12.2420429,关于转发山东省司法厅《关于在我省开展法律援助深度参与精准扶贫活动的意见》的通知,青岛市司法局,地级市,2017/10/10,558,245,"日前，省司法厅下发了《关于在我省开展法律援助深度参与精准扶贫活动的意见》（以下简称《意见》），部署在全省各级法律援助机构开展“法律援助深度参与精准扶贫活动""。现将《意见》转发你们，并就《意见》落实有关事项通知如下：
　　一、高度重视。各区市司法局要以高度的政治自觉和责任担当，切实找准法律援助深度参与精准扶贫工作的着力点，为脱贫攻坚提供优质高效的法律服务；要充分认识省厅将开展精准扶贫工作情况纳入全省综治考核的重要性，紧紧围绕活动主题要求，加大宣传、畅通渠道，为更多的贫弱群体提供满意的法律援助。","现将《意见》转发你们，并就《意见》落实有关事项通知如下：
一、高度重视。各区市司法局要以高度的政治自觉和责任担当，切实找准法律援助深度参与精准扶贫工作的着力点，为脱贫攻坚提供优质高效的法律服务；要充分认识省厅将开展精准扶贫工作情况纳入全省综治考核的重要性，紧紧围绕活动主题要求，加大宣传、畅通渠道，为更多的贫弱群体提供满意的法律援助。

二、狠抓落实。各区市司法局要按照《意见》部署要求，按阶段、分步骤切实抓好落实工作。要将精准扶贫与开展法律援助“六进""""相结合，开展进村入户摸底和定向宣传；要抓好扶贫对象登记造册建立数据库工作，认真开展“三优""""服务;要将宣传活动与法律服务相结合、传统宣传与现代网络媒体相结合，不断创新法律扶贫的形式和途径。",各区市司法局,处级,3,直接转发,否,否,是,"　　二、狠抓落实。各区市司法局要按照《意见》部署要求，按阶段、分步骤切实抓好落实工作。要将精准扶贫与开展法律援助“六进""相结合，开展进村入户摸底和定向宣传；要抓好扶贫对象登记造册建立数据库工作，认真开展“三优""服务;要将宣传活动与法律服务相结合、传统宣传与现代网络媒体相结合，不断创新法律扶贫的形式和途径。",是,各区市要将活动开展的整体情况于12月5日前报送市法律援助中心。,是,112,否,,,青岛各区市司法局,否,0,否,,否,否,"    【法宝引证码】 CLI.12.2420429
原文链接：https://www.pkulaw.com/lar/fcc6e8555fbb4909381fb51c23387ad2bdfb.html
青岛市司法局关于转发山东省司法厅《关于在我省开展法律援助深度参与精准扶贫活动的意见》的通知
青岛市司法局关于转发山东省司法厅《关于在我省开展法律援助深度参与精准扶贫活动的意见》的通知
青司发[2017]85号
各区市司法局:
　　日前，省司法厅下发了《关于在我省开展法律援助深度参与精准扶贫活动的意见》（以下简称《意见》），部署在全省各级法律援助机构开展“法律援助深度参与精准扶贫活动""。现将《意见》转发你们，并就《意见》落实有关事项通知如下：
　　一、高度重视。各区市司法局要以高度的政治自觉和责任担当，切实找准法律援助深度参与精准扶贫工作的着力点，为脱贫攻坚提供优质高效的法律服务；要充分认识省厅将开展精准扶贫工作情况纳入全省综治考核的重要性，紧紧围绕活动主题要求，加大宣传、畅通渠道，为更多的贫弱群体提供满意的法律援助。
　　二、狠抓落实。各区市司法局要按照《意见》部署要求，按阶段、分步骤切实抓好落实工作。要将精准扶贫与开展法律援助“六进""相结合，开展进村入户摸底和定向宣传；要抓好扶贫对象登记造册建立数据库工作，认真开展“三优""服务;要将宣传活动与法律服务相结合、传统宣传与现代网络媒体相结合，不断创新法律扶贫的形式和途径。
　　三、及时上报。各区市要将活动开展过程中的好经验、好做法及时上报。活动期间，各区市法律援助中心上报“法律援助深度参与精准扶贫""专题信息不少于1篇，市局将择优推荐上报省厅。各区市要将活动开展的整体情况于12月5日前报送市法律援助中心。专题信息和工作情况报送至邮箱：qdflyz@126.com，联系电话：80972091。
青岛市司法局
2017年10月10日",,,,,,
CLI.12.1413635,关于完善调控措施促进房地产市场平稳健康发展的通知,日照市人民政府办公室,地级市,2017/9/28,2055,119,为认真贯彻落实国家和省关于房地产工作的决策部署，加强和改进住房及用地供应管理，规范市场秩序，稳定市场预期，促进全市房地产市场平稳健康发展，按照适度、精准的调控原则，经市政府研究，决定对房地产市场有关政策进行调整完善。现就有关事宜通知如下：,一、高度重视。各区市司法局要以高度的政治自觉和责任担当，切实找准法律援助深度参与精准扶贫工作的着力点，为脱贫攻坚提供优质高效的法律服务；要充分认识省厅将开展精准扶贫工作情况纳入全省综治考核的重要性，紧紧围绕活动主题要求，加大宣传、畅通渠道，为更多的贫弱群体提供满意的法律援助。,各区县人民政府、管委，市政府各部门、单位，国家、省属驻日照各单位,区级,7,提及,否,否,否,,否,,是,1873,否,,,日照市,是,16,是,“结合本地实际制定具体调控措施，”,否,否,"    【法宝引证码】 CLI.12.1413635
原文链接：https://www.pkulaw.com/lar/a0dbbd297b53cd3e58ab14878bcdd163bdfb.html
日照市人民政府办公室关于完善调控措施促进房地产市场平稳健康发展的通知

日照市人民政府办公室关于完善调控措施促进房地产市场平稳健康发展的通知

（日政办发〔2017〕61号）

各区县人民政府、管委，市政府各部门、单位，国家、省属驻日照各单位：

　　为认真贯彻落实国家和省关于房地产工作的决策部署，加强和改进住房及用地供应管理，规范市场秩序，稳定市场预期，促进全市房地产市场平稳健康发展，按照适度、精准的调控原则，经市政府研究，决定对房地产市场有关政策进行调整完善。现就有关事宜通知如下：
　　一、调整住房公积金贷款政策

　　首次申请住房公积金贷款的，首付款比例不低于30%，第二次申请住房公积金贷款的，首付款比例不低于40%；购买第二套住房的公积金贷款利率按不低于同期首套住房公积金贷款利率的1.1倍执行；停止向已经使用过两次以上住房公积金贷款的职工家庭发放住房公积金贷款；申请公积金贷款职工须满足已连续足额缴存住房公积金满12个月以上，且申请贷款时职工个人账户余额不低于12个月的缴存额的条件。（责任单位：市住房公积金管理中心）
　　二、加强房地产市场交易监管

　　房地产开发企业申请商品房预售许可时，须一房一价申报，利润率控制在合理范围内。开发企业取得预售许可后，须按照核准的一房一价，一次性将全部房源面向社会公开销售，3个月内不得涨价，违者不予网签；3个月后房屋价格确需调整时，须向住房城乡建设部门申报，住房城乡建设部门按照年度涨幅不得高于上一年度我市城镇居民人均可支配收入增幅进行审核，超出的不予核准。对高价盘、涨幅明显偏离市场价格的项目，住房城乡建设部门可委托第三方对申报价格进行核查，暂不核发预售许可证或暂停销售。实施二手房交易网签备案和交易资金监管制度，将二手房网签备案合同作为纳税、不动产登记的必要条件，规范中介机构行为，严禁“吃差价”“一房两卖”等损害群众利益行为。（责任单位：市住房城乡建设局、市国土资源局、市工商局、市物价局、市国税局、市地税局等）
　　三、强化房地产市场供给关系调控

　　本着“增加总量、控制热点、均衡供地”原则，实施精准供地，增加老城区居住用地供应量，平抑土地市场。把握商品住房供应节奏，建立商品住房项目行政审批快速通道，提高办事效率，督促在建项目加快建设进度，尽快形成有效供应。商品住房库存消化周期较长的地方，应适当放宽开工时限，放缓供应节奏。全面实行房地产开发项目建设条件意见书制度，将建设周期、设施配套、先进技术应用等作为住宅用地出让条件。灵活确定住宅用地竞价方式，探索采取“限地价、竞房价”“限房价、竞地价”“限地价、竞配建”“竞自持面积”等方式，严防高价地扰乱市场预期。建立购地资金审查制度，确保房地产开发企业使用合规自有资金购地。（责任单位：市国土资源局、市住房城乡建设局、市规划局，各区县政府、管委等）
　　四、均衡配置中小学教育资源

　　通过合理规划和调整中小学布局、加大教育经费投入力度、均衡学校资源配置、强化教育管理等手段，积极推进义务教育均衡发展，大力消减“学区房”概念对房价的影响。（责任单位：市教育局、市工商局、市住房城乡建设局、市规划局、市财政局，各区县政府、管委等）
　　五、积极培育发展住房租赁市场

　　落实国务院办公厅《关于加快培育和发展住房租赁市场的若干意见》（国办发〔2016〕39号），加快培育和发展住房租赁市场。以建立购租并举的住房制度为主要方向，健全以市场配置为主、政府提供基本保障的住房租赁体系，支持住房租赁消费。鼓励房地产开发企业利用已建成住房或新建住房开展租赁业务，落实促进住房租赁消费的各项政策，促进住房租赁市场健康发展。（责任单位：市国土资源局、市住房城乡建设局、市规划局，各区县政府、管委等）
　　六、严厉打击房地产市场违法违规行为

　　持续开展房地产市场秩序整治活动，坚决打击房地产开发企业囤积房源、捂盘惜售、虚假宣传、违规销售、规避商品房预售资金监管、不按规定明码标价等行为，严厉查处房地产中介机构炒作房价、制造和散布虚假消息、欺骗消费者交易、违规开展金融业务等行为，营造公开透明的住房消费环境。对违规开发企业和中介机构，一经查实，依法从严从重处理，开发企业停止预售及网签，两年内不得参与本市土地交易，中介机构吊销营业执照，并列入失信企业“黑名单”。（责任单位：市住房城乡建设局、市国土资源局、市工商局、市物价局、市金融办、市公安局等）
　　七、明确房地产市场监管责任

　　各区县政府、管委是房地产市场调控的责任主体，负责贯彻落实国家和省市有关房地产工作的决策部署，结合本地实际制定具体调控措施，促进房地产市场平稳健康发展。市房地产市场调控联席会议成员单位要依据职责分工，加强对各区县房地产市场调控工作的业务指导。市住房城乡建设局负责市房地产市场调控联席会议办公室的综合协调，要强化对房地产市场调控管理；市国土资源局要加强对房地产开发用地供应管理工作；市物价局负责加强对商品住房价格的监督管理；市工商局、市物价局、市公安局要会同市住房城乡建设局加强对房地产市场违法违规行为的监督检查；其他各相关部门要按照职责，做好房地产市场调控政策的落实，确保我市房地产市场平稳健康发展。（责任单位：市房地产市场调控联席会议成员单位，各区县政府、管委等）

　　本通知自2017年9月28日起施行。
日照市人民政府办公室

2017年9月28日",,,,,,
,,,,,,,,,,,,,,,,,,,,,,,,,,,,,,,,,,,,,
,,,,,,,,,,,,,,,,,,,,,,,,,,,,,,,,,,,,,
,,,,,,,,,,,,,,,,,,,,,,,,,,,,,,,,,,,,,
,,,,,,,,,,,,,,,,,,,,,,,,,,,,,,,,,,,,,
,,,,,,,,,,,,,,,,,,,,,,,,,,,,,,,,,,,,,
,,,,,,,,,,,,,,,,,,,,,,,,,,,,,,,,,,,,,
,,,,,,,,,,,,,,,,,,,,,,,,,,,,,,,,,,,,,
,,,,,,,,,,,,,,,,,,,,,,,,,,,,,,,,,,,,,
,,,,,,,,,,,,,,,,,,,,,,,,,,,,,,,,,,,,,
,,,,,,,,,,,,,,,,,,,,,,,,,,,,,,,,,,,,,
,,,,,,,,,,,,,,,,,,,,,,,,,,,,,,,,,,,,,
,,,,,,,,,,,,,,,,,,,,,,,,,,,,,,,,,,,,,
,,,,,,,,,,,,,,,,,,,,,,,,,,,,,,,,,,,,,
,,,,,,,,,,,,,,,,,,,,,,,,,,,,,,,,,,,,,
,,,,,,,,,,,,,,,,,,,,,,,,,,,,,,,,,,,,,
,,,,,,,,,,,,,,,,,,,,,,,,,,,,,,,,,,,,,
,,,,,,,,,,,,,,,,,,,,,,,,,,,,,,,,,,,,,
,,,,,,,,,,,,,,,,,,,,,,,,,,,,,,,,,,,,,
,,,,,,,,,,,,,,,,,,,,,,,,,,,,,,,,,,,,,
,,,,,,,,,,,,,,,,,,,,,,,,,,,,,,,,,,,,,
,,,,,,,,,,,,,,,,,,,,,,,,,,,,,,,,,,,,,
,,,,,,,,,,,,,,,,,,,,,,,,,,,,,,,,,,,,,
,,,,,,,,,,,,,,,,,,,,,,,,,,,,,,,,,,,,,
,,,,,,,,,,,,,,,,,,,,,,,,,,,,,,,,,,,,,
,,,,,,,,,,,,,,,,,,,,,,,,,,,,,,,,,,,,,
,,,,,,,,,,,,,,,,,,,,,,,,,,,,,,,,,,,,,
,,,,,,,,,,,,,,,,,,,,,,,,,,,,,,,,,,,,,
,,,,,,,,,,,,,,,,,,,,,,,,,,,,,,,,,,,,,
,,,,,,,,,,,,,,,,,,,,,,,,,,,,,,,,,,,,,
,,,,,,,,,,,,,,,,,,,,,,,,,,,,,,,,,,,,,
,,,,,,,,,,,,,,,,,,,,,,,,,,,,,,,,,,,,,
,,,,,,,,,,,,,,,,,,,,,,,,,,,,,,,,,,,,,
,,,,,,,,,,,,,,,,,,,,,,,,,,,,,,,,,,,,,
,,,,,,,,,,,,,,,,,,,,,,,,,,,,,,,,,,,,,
,,,,,,,,,,,,,,,,,,,,,,,,,,,,,,,,,,,,,
,,,,,,,,,,,,,,,,,,,,,,,,,,,,,,,,,,,,,
,,,,,,,,,,,,,,,,,,,,,,,,,,,,,,,,,,,,,
,,,,,,,,,,,,,,,,,,,,,,,,,,,,,,,,,,,,,
,,,,,,,,,,,,,,,,,,,,,,,,,,,,,,,,,,,,,
,,,,,,,,,,,,,,,,,,,,,,,,,,,,,,,,,,,,,
,,,,,,,,,,,,,,,,,,,,,,,,,,,,,,,,,,,,,
,,,,,,,,,,,,,,,,,,,,,,,,,,,,,,,,,,,,,
,,,,,,,,,,,,,,,,,,,,,,,,,,,,,,,,,,,,,
,,,,,,,,,,,,,,,,,,,,,,,,,,,,,,,,,,,,,
,,,,,,,,,,,,,,,,,,,,,,,,,,,,,,,,,,,,,
,,,,,,,,,,,,,,,,,,,,,,,,,,,,,,,,,,,,,
,,,,,,,,,,,,,,,,,,,,,,,,,,,,,,,,,,,,,
,,,,,,,,,,,,,,,,,,,,,,,,,,,,,,,,,,,,,
,,,,,,,,,,,,,,,,,,,,,,,,,,,,,,,,,,,,,
,,,,,,,,,,,,,,,,,,,,,,,,,,,,,,,,,,,,,
,,,,,,,,,,,,,,,,,,,,,,,,,,,,,,,,,,,,,
,,,,,,,,,,,,,,,,,,,,,,,,,,,,,,,,,,,,,
,,,,,,,,,,,,,,,,,,,,,,,,,,,,,,,,,,,,,
,,,,,,,,,,,,,,,,,,,,,,,,,,,,,,,,,,,,,
,,,,,,,,,,,,,,,,,,,,,,,,,,,,,,,,,,,,,
,,,,,,,,,,,,,,,,,,,,,,,,,,,,,,,,,,,,,
,,,,,,,,,,,,,,,,,,,,,,,,,,,,,,,,,,,,,
,,,,,,,,,,,,,,,,,,,,,,,,,,,,,,,,,,,,,
,,,,,,,,,,,,,,,,,,,,,,,,,,,,,,,,,,,,,
,,,,,,,,,,,,,,,,,,,,,,,,,,,,,,,,,,,,,
,,,,,,,,,,,,,,,,,,,,,,,,,,,,,,,,,,,,,
,,,,,,,,,,,,,,,,,,,,,,,,,,,,,,,,,,,,,
,,,,,,,,,,,,,,,,,,,,,,,,,,,,,,,,,,,,,
,,,,,,,,,,,,,,,,,,,,,,,,,,,,,,,,,,,,,
,,,,,,,,,,,,,,,,,,,,,,,,,,,,,,,,,,,,,
,,,,,,,,,,,,,,,,,,,,,,,,,,,,,,,,,,,,,
,,,,,,,,,,,,,,,,,,,,,,,,,,,,,,,,,,,,,
,,,,,,,,,,,,,,,,,,,,,,,,,,,,,,,,,,,,,
,,,,,,,,,,,,,,,,,,,,,,,,,,,,,,,,,,,,,
,,,,,,,,,,,,,,,,,,,,,,,,,,,,,,,,,,,,,
,,,,,,,,,,,,,,,,,,,,,,,,,,,,,,,,,,,,,
,,,,,,,,,,,,,,,,,,,,,,,,,,,,,,,,,,,,,
,,,,,,,,,,,,,,,,,,,,,,,,,,,,,,,,,,,,,
,,,,,,,,,,,,,,,,,,,,,,,,,,,,,,,,,,,,,
,,,,,,,,,,,,,,,,,,,,,,,,,,,,,,,,,,,,,
,,,,,,,,,,,,,,,,,,,,,,,,,,,,,,,,,,,,,
,,,,,,,,,,,,,,,,,,,,,,,,,,,,,,,,,,,,,
,,,,,,,,,,,,,,,,,,,,,,,,,,,,,,,,,,,,,
,,,,,,,,,,,,,,,,,,,,,,,,,,,,,,,,,,,,,
,,,,,,,,,,,,,,,,,,,,,,,,,,,,,,,,,,,,,
,,,,,,,,,,,,,,,,,,,,,,,,,,,,,,,,,,,,,
,,,,,,,,,,,,,,,,,,,,,,,,,,,,,,,,,,,,,
,,,,,,,,,,,,,,,,,,,,,,,,,,,,,,,,,,,,,
,,,,,,,,,,,,,,,,,,,,,,,,,,,,,,,,,,,,,
,,,,,,,,,,,,,,,,,,,,,,,,,,,,,,,,,,,,,
,,,,,,,,,,,,,,,,,,,,,,,,,,,,,,,,,,,,,
,,,,,,,,,,,,,,,,,,,,,,,,,,,,,,,,,,,,,
,,,,,,,,,,,,,,,,,,,,,,,,,,,,,,,,,,,,,
,,,,,,,,,,,,,,,,,,,,,,,,,,,,,,,,,,,,,
,,,,,,,,,,,,,,,,,,,,,,,,,,,,,,,,,,,,,
,,,,,,,,,,,,,,,,,,,,,,,,,,,,,,,,,,,,,
,,,,,,,,,,,,,,,,,,,,,,,,,,,,,,,,,,,,,
,,,,,,,,,,,,,,,,,,,,,,,,,,,,,,,,,,,,,
,,,,,,,,,,,,,,,,,,,,,,,,,,,,,,,,,,,,,
,,,,,,,,,,,,,,,,,,,,,,,,,,,,,,,,,,,,,
,,,,,,,,,,,,,,,,,,,,,,,,,,,,,,,,,,,,,
,,,,,,,,,,,,,,,,,,,,,,,,,,,,,,,,,,,,,
,,,,,,,,,,,,,,,,,,,,,,,,,,,,,,,,,,,,,
,,,,,,,,,,,,,,,,,,,,,,,,,,,,,,,,,,,,,
,,,,,,,,,,,,,,,,,,,,,,,,,,,,,,,,,,,,,
,,,,,,,,,,,,,,,,,,,,,,,,,,,,,,,,,,,,,
,,,,,,,,,,,,,,,,,,,,,,,,,,,,,,,,,,,,,
,,,,,,,,,,,,,,,,,,,,,,,,,,,,,,,,,,,,,
,,,,,,,,,,,,,,,,,,,,,,,,,,,,,,,,,,,,,
,,,,,,,,,,,,,,,,,,,,,,,,,,,,,,,,,,,,,
,,,,,,,,,,,,,,,,,,,,,,,,,,,,,,,,,,,,,
,,,,,,,,,,,,,,,,,,,,,,,,,,,,,,,,,,,,,
,,,,,,,,,,,,,,,,,,,,,,,,,,,,,,,,,,,,,
,,,,,,,,,,,,,,,,,,,,,,,,,,,,,,,,,,,,,
,,,,,,,,,,,,,,,,,,,,,,,,,,,,,,,,,,,,,
,,,,,,,,,,,,,,,,,,,,,,,,,,,,,,,,,,,,,
,,,,,,,,,,,,,,,,,,,,,,,,,,,,,,,,,,,,,
,,,,,,,,,,,,,,,,,,,,,,,,,,,,,,,,,,,,,
,,,,,,,,,,,,,,,,,,,,,,,,,,,,,,,,,,,,,
,,,,,,,,,,,,,,,,,,,,,,,,,,,,,,,,,,,,,
,,,,,,,,,,,,,,,,,,,,,,,,,,,,,,,,,,,,,
,,,,,,,,,,,,,,,,,,,,,,,,,,,,,,,,,,,,,
,,,,,,,,,,,,,,,,,,,,,,,,,,,,,,,,,,,,,
,,,,,,,,,,,,,,,,,,,,,,,,,,,,,,,,,,,,,
,,,,,,,,,,,,,,,,,,,,,,,,,,,,,,,,,,,,,
,,,,,,,,,,,,,,,,,,,,,,,,,,,,,,,,,,,,,
,,,,,,,,,,,,,,,,,,,,,,,,,,,,,,,,,,,,,
,,,,,,,,,,,,,,,,,,,,,,,,,,,,,,,,,,,,,
,,,,,,,,,,,,,,,,,,,,,,,,,,,,,,,,,,,,,
,,,,,,,,,,,,,,,,,,,,,,,,,,,,,,,,,,,,,
,,,,,,,,,,,,,,,,,,,,,,,,,,,,,,,,,,,,,
,,,,,,,,,,,,,,,,,,,,,,,,,,,,,,,,,,,,,
,,,,,,,,,,,,,,,,,,,,,,,,,,,,,,,,,,,,,
,,,,,,,,,,,,,,,,,,,,,,,,,,,,,,,,,,,,,
,,,,,,,,,,,,,,,,,,,,,,,,,,,,,,,,,,,,,
,,,,,,,,,,,,,,,,,,,,,,,,,,,,,,,,,,,,,
,,,,,,,,,,,,,,,,,,,,,,,,,,,,,,,,,,,,,
,,,,,,,,,,,,,,,,,,,,,,,,,,,,,,,,,,,,,
,,,,,,,,,,,,,,,,,,,,,,,,,,,,,,,,,,,,,
,,,,,,,,,,,,,,,,,,,,,,,,,,,,,,,,,,,,,
,,,,,,,,,,,,,,,,,,,,,,,,,,,,,,,,,,,,,
,,,,,,,,,,,,,,,,,,,,,,,,,,,,,,,,,,,,,
,,,,,,,,,,,,,,,,,,,,,,,,,,,,,,,,,,,,,
,,,,,,,,,,,,,,,,,,,,,,,,,,,,,,,,,,,,,
,,,,,,,,,,,,,,,,,,,,,,,,,,,,,,,,,,,,,
,,,,,,,,,,,,,,,,,,,,,,,,,,,,,,,,,,,,,
,,,,,,,,,,,,,,,,,,,,,,,,,,,,,,,,,,,,,
,,,,,,,,,,,,,,,,,,,,,,,,,,,,,,,,,,,,,
,,,,,,,,,,,,,,,,,,,,,,,,,,,,,,,,,,,,,
,,,,,,,,,,,,,,,,,,,,,,,,,,,,,,,,,,,,,
,,,,,,,,,,,,,,,,,,,,,,,,,,,,,,,,,,,,,
,,,,,,,,,,,,,,,,,,,,,,,,,,,,,,,,,,,,,
,,,,,,,,,,,,,,,,,,,,,,,,,,,,,,,,,,,,,
,,,,,,,,,,,,,,,,,,,,,,,,,,,,,,,,,,,,,
,,,,,,,,,,,,,,,,,,,,,,,,,,,,,,,,,,,,,
,,,,,,,,,,,,,,,,,,,,,,,,,,,,,,,,,,,,,
,,,,,,,,,,,,,,,,,,,,,,,,,,,,,,,,,,,,,
,,,,,,,,,,,,,,,,,,,,,,,,,,,,,,,,,,,,,
,,,,,,,,,,,,,,,,,,,,,,,,,,,,,,,,,,,,,
,,,,,,,,,,,,,,,,,,,,,,,,,,,,,,,,,,,,,
,,,,,,,,,,,,,,,,,,,,,,,,,,,,,,,,,,,,,
,,,,,,,,,,,,,,,,,,,,,,,,,,,,,,,,,,,,,
,,,,,,,,,,,,,,,,,,,,,,,,,,,,,,,,,,,,,
,,,,,,,,,,,,,,,,,,,,,,,,,,,,,,,,,,,,,
,,,,,,,,,,,,,,,,,,,,,,,,,,,,,,,,,,,,,
,,,,,,,,,,,,,,,,,,,,,,,,,,,,,,,,,,,,,
,,,,,,,,,,,,,,,,,,,,,,,,,,,,,,,,,,,,,
,,,,,,,,,,,,,,,,,,,,,,,,,,,,,,,,,,,,,
,,,,,,,,,,,,,,,,,,,,,,,,,,,,,,,,,,,,,
,,,,,,,,,,,,,,,,,,,,,,,,,,,,,,,,,,,,,
,,,,,,,,,,,,,,,,,,,,,,,,,,,,,,,,,,,,,
,,,,,,,,,,,,,,,,,,,,,,,,,,,,,,,,,,,,,
,,,,,,,,,,,,,,,,,,,,,,,,,,,,,,,,,,,,,
,,,,,,,,,,,,,,,,,,,,,,,,,,,,,,,,,,,,,
,,,,,,,,,,,,,,,,,,,,,,,,,,,,,,,,,,,,,
,,,,,,,,,,,,,,,,,,,,,,,,,,,,,,,,,,,,,
,,,,,,,,,,,,,,,,,,,,,,,,,,,,,,,,,,,,,
,,,,,,,,,,,,,,,,,,,,,,,,,,,,,,,,,,,,,
,,,,,,,,,,,,,,,,,,,,,,,,,,,,,,,,,,,,,
,,,,,,,,,,,,,,,,,,,,,,,,,,,,,,,,,,,,,
,,,,,,,,,,,,,,,,,,,,,,,,,,,,,,,,,,,,,
,,,,,,,,,,,,,,,,,,,,,,,,,,,,,,,,,,,,,
,,,,,,,,,,,,,,,,,,,,,,,,,,,,,,,,,,,,,
,,,,,,,,,,,,,,,,,,,,,,,,,,,,,,,,,,,,,
,,,,,,,,,,,,,,,,,,,,,,,,,,,,,,,,,,,,,
,,,,,,,,,,,,,,,,,,,,,,,,,,,,,,,,,,,,,
,,,,,,,,,,,,,,,,,,,,,,,,,,,,,,,,,,,,,
,,,,,,,,,,,,,,,,,,,,,,,,,,,,,,,,,,,,,
,,,,,,,,,,,,,,,,,,,,,,,,,,,,,,,,,,,,,
,,,,,,,,,,,,,,,,,,,,,,,,,,,,,,,,,,,,,
,,,,,,,,,,,,,,,,,,,,,,,,,,,,,,,,,,,,,
,,,,,,,,,,,,,,,,,,,,,,,,,,,,,,,,,,,,,
,,,,,,,,,,,,,,,,,,,,,,,,,,,,,,,,,,,,,
,,,,,,,,,,,,,,,,,,,,,,,,,,,,,,,,,,,,,
,,,,,,,,,,,,,,,,,,,,,,,,,,,,,,,,,,,,,
,,,,,,,,,,,,,,,,,,,,,,,,,,,,,,,,,,,,,
,,,,,,,,,,,,,,,,,,,,,,,,,,,,,,,,,,,,,
,,,,,,,,,,,,,,,,,,,,,,,,,,,,,,,,,,,,,
,,,,,,,,,,,,,,,,,,,,,,,,,,,,,,,,,,,,,
,,,,,,,,,,,,,,,,,,,,,,,,,,,,,,,,,,,,,
,,,,,,,,,,,,,,,,,,,,,,,,,,,,,,,,,,,,,
,,,,,,,,,,,,,,,,,,,,,,,,,,,,,,,,,,,,,
,,,,,,,,,,,,,,,,,,,,,,,,,,,,,,,,,,,,,
,,,,,,,,,,,,,,,,,,,,,,,,,,,,,,,,,,,,,
,,,,,,,,,,,,,,,,,,,,,,,,,,,,,,,,,,,,,
,,,,,,,,,,,,,,,,,,,,,,,,,,,,,,,,,,,,,
,,,,,,,,,,,,,,,,,,,,,,,,,,,,,,,,,,,,,
,,,,,,,,,,,,,,,,,,,,,,,,,,,,,,,,,,,,,
,,,,,,,,,,,,,,,,,,,,,,,,,,,,,,,,,,,,,
,,,,,,,,,,,,,,,,,,,,,,,,,,,,,,,,,,,,,
,,,,,,,,,,,,,,,,,,,,,,,,,,,,,,,,,,,,,
,,,,,,,,,,,,,,,,,,,,,,,,,,,,,,,,,,,,,
,,,,,,,,,,,,,,,,,,,,,,,,,,,,,,,,,,,,,
,,,,,,,,,,,,,,,,,,,,,,,,,,,,,,,,,,,,,
,,,,,,,,,,,,,,,,,,,,,,,,,,,,,,,,,,,,,
,,,,,,,,,,,,,,,,,,,,,,,,,,,,,,,,,,,,,
,,,,,,,,,,,,,,,,,,,,,,,,,,,,,,,,,,,,,
,,,,,,,,,,,,,,,,,,,,,,,,,,,,,,,,,,,,,
,,,,,,,,,,,,,,,,,,,,,,,,,,,,,,,,,,,,,
,,,,,,,,,,,,,,,,,,,,,,,,,,,,,,,,,,,,,
,,,,,,,,,,,,,,,,,,,,,,,,,,,,,,,,,,,,,
,,,,,,,,,,,,,,,,,,,,,,,,,,,,,,,,,,,,,
,,,,,,,,,,,,,,,,,,,,,,,,,,,,,,,,,,,,,
,,,,,,,,,,,,,,,,,,,,,,,,,,,,,,,,,,,,,
,,,,,,,,,,,,,,,,,,,,,,,,,,,,,,,,,,,,,
,,,,,,,,,,,,,,,,,,,,,,,,,,,,,,,,,,,,,
,,,,,,,,,,,,,,,,,,,,,,,,,,,,,,,,,,,,,
,,,,,,,,,,,,,,,,,,,,,,,,,,,,,,,,,,,,,
,,,,,,,,,,,,,,,,,,,,,,,,,,,,,,,,,,,,,
,,,,,,,,,,,,,,,,,,,,,,,,,,,,,,,,,,,,,
,,,,,,,,,,,,,,,,,,,,,,,,,,,,,,,,,,,,,
,,,,,,,,,,,,,,,,,,,,,,,,,,,,,,,,,,,,,
,,,,,,,,,,,,,,,,,,,,,,,,,,,,,,,,,,,,,
,,,,,,,,,,,,,,,,,,,,,,,,,,,,,,,,,,,,,
,,,,,,,,,,,,,,,,,,,,,,,,,,,,,,,,,,,,,
,,,,,,,,,,,,,,,,,,,,,,,,,,,,,,,,,,,,,
,,,,,,,,,,,,,,,,,,,,,,,,,,,,,,,,,,,,,
,,,,,,,,,,,,,,,,,,,,,,,,,,,,,,,,,,,,,
,,,,,,,,,,,,,,,,,,,,,,,,,,,,,,,,,,,,,
,,,,,,,,,,,,,,,,,,,,,,,,,,,,,,,,,,,,,
,,,,,,,,,,,,,,,,,,,,,,,,,,,,,,,,,,,,,
,,,,,,,,,,,,,,,,,,,,,,,,,,,,,,,,,,,,,
,,,,,,,,,,,,,,,,,,,,,,,,,,,,,,,,,,,,,
,,,,,,,,,,,,,,,,,,,,,,,,,,,,,,,,,,,,,
,,,,,,,,,,,,,,,,,,,,,,,,,,,,,,,,,,,,,
,,,,,,,,,,,,,,,,,,,,,,,,,,,,,,,,,,,,,
,,,,,,,,,,,,,,,,,,,,,,,,,,,,,,,,,,,,,
,,,,,,,,,,,,,,,,,,,,,,,,,,,,,,,,,,,,,
,,,,,,,,,,,,,,,,,,,,,,,,,,,,,,,,,,,,,
,,,,,,,,,,,,,,,,,,,,,,,,,,,,,,,,,,,,,
,,,,,,,,,,,,,,,,,,,,,,,,,,,,,,,,,,,,,
,,,,,,,,,,,,,,,,,,,,,,,,,,,,,,,,,,,,,
,,,,,,,,,,,,,,,,,,,,,,,,,,,,,,,,,,,,,
,,,,,,,,,,,,,,,,,,,,,,,,,,,,,,,,,,,,,
,,,,,,,,,,,,,,,,,,,,,,,,,,,,,,,,,,,,,
,,,,,,,,,,,,,,,,,,,,,,,,,,,,,,,,,,,,,
,,,,,,,,,,,,,,,,,,,,,,,,,,,,,,,,,,,,,
,,,,,,,,,,,,,,,,,,,,,,,,,,,,,,,,,,,,,
,,,,,,,,,,,,,,,,,,,,,,,,,,,,,,,,,,,,,
,,,,,,,,,,,,,,,,,,,,,,,,,,,,,,,,,,,,,
,,,,,,,,,,,,,,,,,,,,,,,,,,,,,,,,,,,,,
,,,,,,,,,,,,,,,,,,,,,,,,,,,,,,,,,,,,,
,,,,,,,,,,,,,,,,,,,,,,,,,,,,,,,,,,,,,
,,,,,,,,,,,,,,,,,,,,,,,,,,,,,,,,,,,,,
,,,,,,,,,,,,,,,,,,,,,,,,,,,,,,,,,,,,,
,,,,,,,,,,,,,,,,,,,,,,,,,,,,,,,,,,,,,
,,,,,,,,,,,,,,,,,,,,,,,,,,,,,,,,,,,,,
,,,,,,,,,,,,,,,,,,,,,,,,,,,,,,,,,,,,,
,,,,,,,,,,,,,,,,,,,,,,,,,,,,,,,,,,,,,
,,,,,,,,,,,,,,,,,,,,,,,,,,,,,,,,,,,,,
,,,,,,,,,,,,,,,,,,,,,,,,,,,,,,,,,,,,,
,,,,,,,,,,,,,,,,,,,,,,,,,,,,,,,,,,,,,
,,,,,,,,,,,,,,,,,,,,,,,,,,,,,,,,,,,,,
,,,,,,,,,,,,,,,,,,,,,,,,,,,,,,,,,,,,,
,,,,,,,,,,,,,,,,,,,,,,,,,,,,,,,,,,,,,
,,,,,,,,,,,,,,,,,,,,,,,,,,,,,,,,,,,,,
,,,,,,,,,,,,,,,,,,,,,,,,,,,,,,,,,,,,,
,,,,,,,,,,,,,,,,,,,,,,,,,,,,,,,,,,,,,
,,,,,,,,,,,,,,,,,,,,,,,,,,,,,,,,,,,,,
,,,,,,,,,,,,,,,,,,,,,,,,,,,,,,,,,,,,,
,,,,,,,,,,,,,,,,,,,,,,,,,,,,,,,,,,,,,
,,,,,,,,,,,,,,,,,,,,,,,,,,,,,,,,,,,,,
,,,,,,,,,,,,,,,,,,,,,,,,,,,,,,,,,,,,,
,,,,,,,,,,,,,,,,,,,,,,,,,,,,,,,,,,,,,
,,,,,,,,,,,,,,,,,,,,,,,,,,,,,,,,,,,,,
,,,,,,,,,,,,,,,,,,,,,,,,,,,,,,,,,,,,,
,,,,,,,,,,,,,,,,,,,,,,,,,,,,,,,,,,,,,
,,,,,,,,,,,,,,,,,,,,,,,,,,,,,,,,,,,,,
,,,,,,,,,,,,,,,,,,,,,,,,,,,,,,,,,,,,,
,,,,,,,,,,,,,,,,,,,,,,,,,,,,,,,,,,,,,
,,,,,,,,,,,,,,,,,,,,,,,,,,,,,,,,,,,,,
,,,,,,,,,,,,,,,,,,,,,,,,,,,,,,,,,,,,,
,,,,,,,,,,,,,,,,,,,,,,,,,,,,,,,,,,,,,
,,,,,,,,,,,,,,,,,,,,,,,,,,,,,,,,,,,,,
,,,,,,,,,,,,,,,,,,,,,,,,,,,,,,,,,,,,,
,,,,,,,,,,,,,,,,,,,,,,,,,,,,,,,,,,,,,
,,,,,,,,,,,,,,,,,,,,,,,,,,,,,,,,,,,,,
,,,,,,,,,,,,,,,,,,,,,,,,,,,,,,,,,,,,,
,,,,,,,,,,,,,,,,,,,,,,,,,,,,,,,,,,,,,
,,,,,,,,,,,,,,,,,,,,,,,,,,,,,,,,,,,,,
,,,,,,,,,,,,,,,,,,,,,,,,,,,,,,,,,,,,,
,,,,,,,,,,,,,,,,,,,,,,,,,,,,,,,,,,,,,
,,,,,,,,,,,,,,,,,,,,,,,,,,,,,,,,,,,,,
,,,,,,,,,,,,,,,,,,,,,,,,,,,,,,,,,,,,,
,,,,,,,,,,,,,,,,,,,,,,,,,,,,,,,,,,,,,
,,,,,,,,,,,,,,,,,,,,,,,,,,,,,,,,,,,,,
,,,,,,,,,,,,,,,,,,,,,,,,,,,,,,,,,,,,,
,,,,,,,,,,,,,,,,,,,,,,,,,,,,,,,,,,,,,
,,,,,,,,,,,,,,,,,,,,,,,,,,,,,,,,,,,,,
,,,,,,,,,,,,,,,,,,,,,,,,,,,,,,,,,,,,,
,,,,,,,,,,,,,,,,,,,,,,,,,,,,,,,,,,,,,
,,,,,,,,,,,,,,,,,,,,,,,,,,,,,,,,,,,,,
,,,,,,,,,,,,,,,,,,,,,,,,,,,,,,,,,,,,,
,,,,,,,,,,,,,,,,,,,,,,,,,,,,,,,,,,,,,
,,,,,,,,,,,,,,,,,,,,,,,,,,,,,,,,,,,,,
,,,,,,,,,,,,,,,,,,,,,,,,,,,,,,,,,,,,,
,,,,,,,,,,,,,,,,,,,,,,,,,,,,,,,,,,,,,
,,,,,,,,,,,,,,,,,,,,,,,,,,,,,,,,,,,,,
,,,,,,,,,,,,,,,,,,,,,,,,,,,,,,,,,,,,,
,,,,,,,,,,,,,,,,,,,,,,,,,,,,,,,,,,,,,
,,,,,,,,,,,,,,,,,,,,,,,,,,,,,,,,,,,,,
,,,,,,,,,,,,,,,,,,,,,,,,,,,,,,,,,,,,,
,,,,,,,,,,,,,,,,,,,,,,,,,,,,,,,,,,,,,
,,,,,,,,,,,,,,,,,,,,,,,,,,,,,,,,,,,,,
,,,,,,,,,,,,,,,,,,,,,,,,,,,,,,,,,,,,,
,,,,,,,,,,,,,,,,,,,,,,,,,,,,,,,,,,,,,
,,,,,,,,,,,,,,,,,,,,,,,,,,,,,,,,,,,,,
,,,,,,,,,,,,,,,,,,,,,,,,,,,,,,,,,,,,,
,,,,,,,,,,,,,,,,,,,,,,,,,,,,,,,,,,,,,
,,,,,,,,,,,,,,,,,,,,,,,,,,,,,,,,,,,,,
,,,,,,,,,,,,,,,,,,,,,,,,,,,,,,,,,,,,,
,,,,,,,,,,,,,,,,,,,,,,,,,,,,,,,,,,,,,
,,,,,,,,,,,,,,,,,,,,,,,,,,,,,,,,,,,,,
,,,,,,,,,,,,,,,,,,,,,,,,,,,,,,,,,,,,,
,,,,,,,,,,,,,,,,,,,,,,,,,,,,,,,,,,,,,
,,,,,,,,,,,,,,,,,,,,,,,,,,,,,,,,,,,,,
,,,,,,,,,,,,,,,,,,,,,,,,,,,,,,,,,,,,,
,,,,,,,,,,,,,,,,,,,,,,,,,,,,,,,,,,,,,
,,,,,,,,,,,,,,,,,,,,,,,,,,,,,,,,,,,,,
,,,,,,,,,,,,,,,,,,,,,,,,,,,,,,,,,,,,,
,,,,,,,,,,,,,,,,,,,,,,,,,,,,,,,,,,,,,
,,,,,,,,,,,,,,,,,,,,,,,,,,,,,,,,,,,,,
,,,,,,,,,,,,,,,,,,,,,,,,,,,,,,,,,,,,,
,,,,,,,,,,,,,,,,,,,,,,,,,,,,,,,,,,,,,
,,,,,,,,,,,,,,,,,,,,,,,,,,,,,,,,,,,,,
,,,,,,,,,,,,,,,,,,,,,,,,,,,,,,,,,,,,,
,,,,,,,,,,,,,,,,,,,,,,,,,,,,,,,,,,,,,
,,,,,,,,,,,,,,,,,,,,,,,,,,,,,,,,,,,,,
,,,,,,,,,,,,,,,,,,,,,,,,,,,,,,,,,,,,,
,,,,,,,,,,,,,,,,,,,,,,,,,,,,,,,,,,,,,
,,,,,,,,,,,,,,,,,,,,,,,,,,,,,,,,,,,,,
,,,,,,,,,,,,,,,,,,,,,,,,,,,,,,,,,,,,,
,,,,,,,,,,,,,,,,,,,,,,,,,,,,,,,,,,,,,
,,,,,,,,,,,,,,,,,,,,,,,,,,,,,,,,,,,,,
,,,,,,,,,,,,,,,,,,,,,,,,,,,,,,,,,,,,,
,,,,,,,,,,,,,,,,,,,,,,,,,,,,,,,,,,,,,
,,,,,,,,,,,,,,,,,,,,,,,,,,,,,,,,,,,,,
,,,,,,,,,,,,,,,,,,,,,,,,,,,,,,,,,,,,,
,,,,,,,,,,,,,,,,,,,,,,,,,,,,,,,,,,,,,
,,,,,,,,,,,,,,,,,,,,,,,,,,,,,,,,,,,,,
,,,,,,,,,,,,,,,,,,,,,,,,,,,,,,,,,,,,,
,,,,,,,,,,,,,,,,,,,,,,,,,,,,,,,,,,,,,
,,,,,,,,,,,,,,,,,,,,,,,,,,,,,,,,,,,,,
,,,,,,,,,,,,,,,,,,,,,,,,,,,,,,,,,,,,,
,,,,,,,,,,,,,,,,,,,,,,,,,,,,,,,,,,,,,
,,,,,,,,,,,,,,,,,,,,,,,,,,,,,,,,,,,,,
,,,,,,,,,,,,,,,,,,,,,,,,,,,,,,,,,,,,,
,,,,,,,,,,,,,,,,,,,,,,,,,,,,,,,,,,,,,
,,,,,,,,,,,,,,,,,,,,,,,,,,,,,,,,,,,,,
,,,,,,,,,,,,,,,,,,,,,,,,,,,,,,,,,,,,,
,,,,,,,,,,,,,,,,,,,,,,,,,,,,,,,,,,,,,
,,,,,,,,,,,,,,,,,,,,,,,,,,,,,,,,,,,,,
,,,,,,,,,,,,,,,,,,,,,,,,,,,,,,,,,,,,,
,,,,,,,,,,,,,,,,,,,,,,,,,,,,,,,,,,,,,
,,,,,,,,,,,,,,,,,,,,,,,,,,,,,,,,,,,,,
,,,,,,,,,,,,,,,,,,,,,,,,,,,,,,,,,,,,,
,,,,,,,,,,,,,,,,,,,,,,,,,,,,,,,,,,,,,
,,,,,,,,,,,,,,,,,,,,,,,,,,,,,,,,,,,,,
,,,,,,,,,,,,,,,,,,,,,,,,,,,,,,,,,,,,,
,,,,,,,,,,,,,,,,,,,,,,,,,,,,,,,,,,,,,
,,,,,,,,,,,,,,,,,,,,,,,,,,,,,,,,,,,,,
,,,,,,,,,,,,,,,,,,,,,,,,,,,,,,,,,,,,,
,,,,,,,,,,,,,,,,,,,,,,,,,,,,,,,,,,,,,
,,,,,,,,,,,,,,,,,,,,,,,,,,,,,,,,,,,,,
,,,,,,,,,,,,,,,,,,,,,,,,,,,,,,,,,,,,,
,,,,,,,,,,,,,,,,,,,,,,,,,,,,,,,,,,,,,
,,,,,,,,,,,,,,,,,,,,,,,,,,,,,,,,,,,,,
,,,,,,,,,,,,,,,,,,,,,,,,,,,,,,,,,,,,,
,,,,,,,,,,,,,,,,,,,,,,,,,,,,,,,,,,,,,
,,,,,,,,,,,,,,,,,,,,,,,,,,,,,,,,,,,,,
,,,,,,,,,,,,,,,,,,,,,,,,,,,,,,,,,,,,,
,,,,,,,,,,,,,,,,,,,,,,,,,,,,,,,,,,,,,
,,,,,,,,,,,,,,,,,,,,,,,,,,,,,,,,,,,,,
,,,,,,,,,,,,,,,,,,,,,,,,,,,,,,,,,,,,,
,,,,,,,,,,,,,,,,,,,,,,,,,,,,,,,,,,,,,
,,,,,,,,,,,,,,,,,,,,,,,,,,,,,,,,,,,,,
,,,,,,,,,,,,,,,,,,,,,,,,,,,,,,,,,,,,,
,,,,,,,,,,,,,,,,,,,,,,,,,,,,,,,,,,,,,
,,,,,,,,,,,,,,,,,,,,,,,,,,,,,,,,,,,,,
,,,,,,,,,,,,,,,,,,,,,,,,,,,,,,,,,,,,,
,,,,,,,,,,,,,,,,,,,,,,,,,,,,,,,,,,,,,
,,,,,,,,,,,,,,,,,,,,,,,,,,,,,,,,,,,,,
,,,,,,,,,,,,,,,,,,,,,,,,,,,,,,,,,,,,,
,,,,,,,,,,,,,,,,,,,,,,,,,,,,,,,,,,,,,
,,,,,,,,,,,,,,,,,,,,,,,,,,,,,,,,,,,,,
,,,,,,,,,,,,,,,,,,,,,,,,,,,,,,,,,,,,,
,,,,,,,,,,,,,,,,,,,,,,,,,,,,,,,,,,,,,
,,,,,,,,,,,,,,,,,,,,,,,,,,,,,,,,,,,,,
,,,,,,,,,,,,,,,,,,,,,,,,,,,,,,,,,,,,,
,,,,,,,,,,,,,,,,,,,,,,,,,,,,,,,,,,,,,
,,,,,,,,,,,,,,,,,,,,,,,,,,,,,,,,,,,,,
,,,,,,,,,,,,,,,,,,,,,,,,,,,,,,,,,,,,,
,,,,,,,,,,,,,,,,,,,,,,,,,,,,,,,,,,,,,
,,,,,,,,,,,,,,,,,,,,,,,,,,,,,,,,,,,,,
,,,,,,,,,,,,,,,,,,,,,,,,,,,,,,,,,,,,,
,,,,,,,,,,,,,,,,,,,,,,,,,,,,,,,,,,,,,
,,,,,,,,,,,,,,,,,,,,,,,,,,,,,,,,,,,,,
,,,,,,,,,,,,,,,,,,,,,,,,,,,,,,,,,,,,,
,,,,,,,,,,,,,,,,,,,,,,,,,,,,,,,,,,,,,
,,,,,,,,,,,,,,,,,,,,,,,,,,,,,,,,,,,,,
,,,,,,,,,,,,,,,,,,,,,,,,,,,,,,,,,,,,,
,,,,,,,,,,,,,,,,,,,,,,,,,,,,,,,,,,,,,
,,,,,,,,,,,,,,,,,,,,,,,,,,,,,,,,,,,,,
,,,,,,,,,,,,,,,,,,,,,,,,,,,,,,,,,,,,,
,,,,,,,,,,,,,,,,,,,,,,,,,,,,,,,,,,,,,
,,,,,,,,,,,,,,,,,,,,,,,,,,,,,,,,,,,,,
,,,,,,,,,,,,,,,,,,,,,,,,,,,,,,,,,,,,,
,,,,,,,,,,,,,,,,,,,,,,,,,,,,,,,,,,,,,
,,,,,,,,,,,,,,,,,,,,,,,,,,,,,,,,,,,,,
,,,,,,,,,,,,,,,,,,,,,,,,,,,,,,,,,,,,,
,,,,,,,,,,,,,,,,,,,,,,,,,,,,,,,,,,,,,
,,,,,,,,,,,,,,,,,,,,,,,,,,,,,,,,,,,,,
,,,,,,,,,,,,,,,,,,,,,,,,,,,,,,,,,,,,,
,,,,,,,,,,,,,,,,,,,,,,,,,,,,,,,,,,,,,
,,,,,,,,,,,,,,,,,,,,,,,,,,,,,,,,,,,,,
,,,,,,,,,,,,,,,,,,,,,,,,,,,,,,,,,,,,,
,,,,,,,,,,,,,,,,,,,,,,,,,,,,,,,,,,,,,
,,,,,,,,,,,,,,,,,,,,,,,,,,,,,,,,,,,,,
,,,,,,,,,,,,,,,,,,,,,,,,,,,,,,,,,,,,,
,,,,,,,,,,,,,,,,,,,,,,,,,,,,,,,,,,,,,
,,,,,,,,,,,,,,,,,,,,,,,,,,,,,,,,,,,,,
,,,,,,,,,,,,,,,,,,,,,,,,,,,,,,,,,,,,,
,,,,,,,,,,,,,,,,,,,,,,,,,,,,,,,,,,,,,
,,,,,,,,,,,,,,,,,,,,,,,,,,,,,,,,,,,,,
,,,,,,,,,,,,,,,,,,,,,,,,,,,,,,,,,,,,,
,,,,,,,,,,,,,,,,,,,,,,,,,,,,,,,,,,,,,
,,,,,,,,,,,,,,,,,,,,,,,,,,,,,,,,,,,,,
,,,,,,,,,,,,,,,,,,,,,,,,,,,,,,,,,,,,,
,,,,,,,,,,,,,,,,,,,,,,,,,,,,,,,,,,,,,
,,,,,,,,,,,,,,,,,,,,,,,,,,,,,,,,,,,,,
,,,,,,,,,,,,,,,,,,,,,,,,,,,,,,,,,,,,,
,,,,,,,,,,,,,,,,,,,,,,,,,,,,,,,,,,,,,
,,,,,,,,,,,,,,,,,,,,,,,,,,,,,,,,,,,,,
,,,,,,,,,,,,,,,,,,,,,,,,,,,,,,,,,,,,,
,,,,,,,,,,,,,,,,,,,,,,,,,,,,,,,,,,,,,
,,,,,,,,,,,,,,,,,,,,,,,,,,,,,,,,,,,,,
,,,,,,,,,,,,,,,,,,,,,,,,,,,,,,,,,,,,,
,,,,,,,,,,,,,,,,,,,,,,,,,,,,,,,,,,,,,
,,,,,,,,,,,,,,,,,,,,,,,,,,,,,,,,,,,,,
,,,,,,,,,,,,,,,,,,,,,,,,,,,,,,,,,,,,,
,,,,,,,,,,,,,,,,,,,,,,,,,,,,,,,,,,,,,
,,,,,,,,,,,,,,,,,,,,,,,,,,,,,,,,,,,,,
,,,,,,,,,,,,,,,,,,,,,,,,,,,,,,,,,,,,,
,,,,,,,,,,,,,,,,,,,,,,,,,,,,,,,,,,,,,
,,,,,,,,,,,,,,,,,,,,,,,,,,,,,,,,,,,,,
,,,,,,,,,,,,,,,,,,,,,,,,,,,,,,,,,,,,,
,,,,,,,,,,,,,,,,,,,,,,,,,,,,,,,,,,,,,
,,,,,,,,,,,,,,,,,,,,,,,,,,,,,,,,,,,,,
,,,,,,,,,,,,,,,,,,,,,,,,,,,,,,,,,,,,,
,,,,,,,,,,,,,,,,,,,,,,,,,,,,,,,,,,,,,
,,,,,,,,,,,,,,,,,,,,,,,,,,,,,,,,,,,,,
,,,,,,,,,,,,,,,,,,,,,,,,,,,,,,,,,,,,,
,,,,,,,,,,,,,,,,,,,,,,,,,,,,,,,,,,,,,
,,,,,,,,,,,,,,,,,,,,,,,,,,,,,,,,,,,,,
,,,,,,,,,,,,,,,,,,,,,,,,,,,,,,,,,,,,,
,,,,,,,,,,,,,,,,,,,,,,,,,,,,,,,,,,,,,
,,,,,,,,,,,,,,,,,,,,,,,,,,,,,,,,,,,,,
,,,,,,,,,,,,,,,,,,,,,,,,,,,,,,,,,,,,,
,,,,,,,,,,,,,,,,,,,,,,,,,,,,,,,,,,,,,
,,,,,,,,,,,,,,,,,,,,,,,,,,,,,,,,,,,,,
,,,,,,,,,,,,,,,,,,,,,,,,,,,,,,,,,,,,,
,,,,,,,,,,,,,,,,,,,,,,,,,,,,,,,,,,,,,
,,,,,,,,,,,,,,,,,,,,,,,,,,,,,,,,,,,,,
,,,,,,,,,,,,,,,,,,,,,,,,,,,,,,,,,,,,,
,,,,,,,,,,,,,,,,,,,,,,,,,,,,,,,,,,,,,
,,,,,,,,,,,,,,,,,,,,,,,,,,,,,,,,,,,,,
,,,,,,,,,,,,,,,,,,,,,,,,,,,,,,,,,,,,,
,,,,,,,,,,,,,,,,,,,,,,,,,,,,,,,,,,,,,
,,,,,,,,,,,,,,,,,,,,,,,,,,,,,,,,,,,,,
,,,,,,,,,,,,,,,,,,,,,,,,,,,,,,,,,,,,,
,,,,,,,,,,,,,,,,,,,,,,,,,,,,,,,,,,,,,
,,,,,,,,,,,,,,,,,,,,,,,,,,,,,,,,,,,,,
,,,,,,,,,,,,,,,,,,,,,,,,,,,,,,,,,,,,,
,,,,,,,,,,,,,,,,,,,,,,,,,,,,,,,,,,,,,
,,,,,,,,,,,,,,,,,,,,,,,,,,,,,,,,,,,,,
,,,,,,,,,,,,,,,,,,,,,,,,,,,,,,,,,,,,,
,,,,,,,,,,,,,,,,,,,,,,,,,,,,,,,,,,,,,
,,,,,,,,,,,,,,,,,,,,,,,,,,,,,,,,,,,,,
,,,,,,,,,,,,,,,,,,,,,,,,,,,,,,,,,,,,,
,,,,,,,,,,,,,,,,,,,,,,,,,,,,,,,,,,,,,
,,,,,,,,,,,,,,,,,,,,,,,,,,,,,,,,,,,,,
,,,,,,,,,,,,,,,,,,,,,,,,,,,,,,,,,,,,,
,,,,,,,,,,,,,,,,,,,,,,,,,,,,,,,,,,,,,
,,,,,,,,,,,,,,,,,,,,,,,,,,,,,,,,,,,,,
,,,,,,,,,,,,,,,,,,,,,,,,,,,,,,,,,,,,,
,,,,,,,,,,,,,,,,,,,,,,,,,,,,,,,,,,,,,
,,,,,,,,,,,,,,,,,,,,,,,,,,,,,,,,,,,,,
,,,,,,,,,,,,,,,,,,,,,,,,,,,,,,,,,,,,,
,,,,,,,,,,,,,,,,,,,,,,,,,,,,,,,,,,,,,
,,,,,,,,,,,,,,,,,,,,,,,,,,,,,,,,,,,,,
,,,,,,,,,,,,,,,,,,,,,,,,,,,,,,,,,,,,,
,,,,,,,,,,,,,,,,,,,,,,,,,,,,,,,,,,,,,
,,,,,,,,,,,,,,,,,,,,,,,,,,,,,,,,,,,,,
,,,,,,,,,,,,,,,,,,,,,,,,,,,,,,,,,,,,,
,,,,,,,,,,,,,,,,,,,,,,,,,,,,,,,,,,,,,
,,,,,,,,,,,,,,,,,,,,,,,,,,,,,,,,,,,,,
,,,,,,,,,,,,,,,,,,,,,,,,,,,,,,,,,,,,,
,,,,,,,,,,,,,,,,,,,,,,,,,,,,,,,,,,,,,
,,,,,,,,,,,,,,,,,,,,,,,,,,,,,,,,,,,,,
,,,,,,,,,,,,,,,,,,,,,,,,,,,,,,,,,,,,,
,,,,,,,,,,,,,,,,,,,,,,,,,,,,,,,,,,,,,
,,,,,,,,,,,,,,,,,,,,,,,,,,,,,,,,,,,,,
,,,,,,,,,,,,,,,,,,,,,,,,,,,,,,,,,,,,,
,,,,,,,,,,,,,,,,,,,,,,,,,,,,,,,,,,,,,
,,,,,,,,,,,,,,,,,,,,,,,,,,,,,,,,,,,,,
,,,,,,,,,,,,,,,,,,,,,,,,,,,,,,,,,,,,,
,,,,,,,,,,,,,,,,,,,,,,,,,,,,,,,,,,,,,
,,,,,,,,,,,,,,,,,,,,,,,,,,,,,,,,,,,,,
,,,,,,,,,,,,,,,,,,,,,,,,,,,,,,,,,,,,,
,,,,,,,,,,,,,,,,,,,,,,,,,,,,,,,,,,,,,
,,,,,,,,,,,,,,,,,,,,,,,,,,,,,,,,,,,,,
,,,,,,,,,,,,,,,,,,,,,,,,,,,,,,,,,,,,,
,,,,,,,,,,,,,,,,,,,,,,,,,,,,,,,,,,,,,
,,,,,,,,,,,,,,,,,,,,,,,,,,,,,,,,,,,,,
,,,,,,,,,,,,,,,,,,,,,,,,,,,,,,,,,,,,,
,,,,,,,,,,,,,,,,,,,,,,,,,,,,,,,,,,,,,
,,,,,,,,,,,,,,,,,,,,,,,,,,,,,,,,,,,,,
,,,,,,,,,,,,,,,,,,,,,,,,,,,,,,,,,,,,,
,,,,,,,,,,,,,,,,,,,,,,,,,,,,,,,,,,,,,
,,,,,,,,,,,,,,,,,,,,,,,,,,,,,,,,,,,,,
,,,,,,,,,,,,,,,,,,,,,,,,,,,,,,,,,,,,,
,,,,,,,,,,,,,,,,,,,,,,,,,,,,,,,,,,,,,
,,,,,,,,,,,,,,,,,,,,,,,,,,,,,,,,,,,,,
,,,,,,,,,,,,,,,,,,,,,,,,,,,,,,,,,,,,,
,,,,,,,,,,,,,,,,,,,,,,,,,,,,,,,,,,,,,
,,,,,,,,,,,,,,,,,,,,,,,,,,,,,,,,,,,,,
,,,,,,,,,,,,,,,,,,,,,,,,,,,,,,,,,,,,,
,,,,,,,,,,,,,,,,,,,,,,,,,,,,,,,,,,,,,
,,,,,,,,,,,,,,,,,,,,,,,,,,,,,,,,,,,,,
,,,,,,,,,,,,,,,,,,,,,,,,,,,,,,,,,,,,,
,,,,,,,,,,,,,,,,,,,,,,,,,,,,,,,,,,,,,
,,,,,,,,,,,,,,,,,,,,,,,,,,,,,,,,,,,,,
,,,,,,,,,,,,,,,,,,,,,,,,,,,,,,,,,,,,,
,,,,,,,,,,,,,,,,,,,,,,,,,,,,,,,,,,,,,
,,,,,,,,,,,,,,,,,,,,,,,,,,,,,,,,,,,,,
,,,,,,,,,,,,,,,,,,,,,,,,,,,,,,,,,,,,,
,,,,,,,,,,,,,,,,,,,,,,,,,,,,,,,,,,,,,
,,,,,,,,,,,,,,,,,,,,,,,,,,,,,,,,,,,,,
,,,,,,,,,,,,,,,,,,,,,,,,,,,,,,,,,,,,,
,,,,,,,,,,,,,,,,,,,,,,,,,,,,,,,,,,,,,
,,,,,,,,,,,,,,,,,,,,,,,,,,,,,,,,,,,,,
,,,,,,,,,,,,,,,,,,,,,,,,,,,,,,,,,,,,,
,,,,,,,,,,,,,,,,,,,,,,,,,,,,,,,,,,,,,
,,,,,,,,,,,,,,,,,,,,,,,,,,,,,,,,,,,,,
,,,,,,,,,,,,,,,,,,,,,,,,,,,,,,,,,,,,,
,,,,,,,,,,,,,,,,,,,,,,,,,,,,,,,,,,,,,
,,,,,,,,,,,,,,,,,,,,,,,,,,,,,,,,,,,,,
,,,,,,,,,,,,,,,,,,,,,,,,,,,,,,,,,,,,,
,,,,,,,,,,,,,,,,,,,,,,,,,,,,,,,,,,,,,
,,,,,,,,,,,,,,,,,,,,,,,,,,,,,,,,,,,,,
,,,,,,,,,,,,,,,,,,,,,,,,,,,,,,,,,,,,,
,,,,,,,,,,,,,,,,,,,,,,,,,,,,,,,,,,,,,
,,,,,,,,,,,,,,,,,,,,,,,,,,,,,,,,,,,,,
,,,,,,,,,,,,,,,,,,,,,,,,,,,,,,,,,,,,,
,,,,,,,,,,,,,,,,,,,,,,,,,,,,,,,,,,,,,
,,,,,,,,,,,,,,,,,,,,,,,,,,,,,,,,,,,,,
,,,,,,,,,,,,,,,,,,,,,,,,,,,,,,,,,,,,,
,,,,,,,,,,,,,,,,,,,,,,,,,,,,,,,,,,,,,
,,,,,,,,,,,,,,,,,,,,,,,,,,,,,,,,,,,,,
,,,,,,,,,,,,,,,,,,,,,,,,,,,,,,,,,,,,,
,,,,,,,,,,,,,,,,,,,,,,,,,,,,,,,,,,,,,
,,,,,,,,,,,,,,,,,,,,,,,,,,,,,,,,,,,,,
,,,,,,,,,,,,,,,,,,,,,,,,,,,,,,,,,,,,,
,,,,,,,,,,,,,,,,,,,,,,,,,,,,,,,,,,,,,
,,,,,,,,,,,,,,,,,,,,,,,,,,,,,,,,,,,,,
,,,,,,,,,,,,,,,,,,,,,,,,,,,,,,,,,,,,,
,,,,,,,,,,,,,,,,,,,,,,,,,,,,,,,,,,,,,
,,,,,,,,,,,,,,,,,,,,,,,,,,,,,,,,,,,,,
,,,,,,,,,,,,,,,,,,,,,,,,,,,,,,,,,,,,,
,,,,,,,,,,,,,,,,,,,,,,,,,,,,,,,,,,,,,
,,,,,,,,,,,,,,,,,,,,,,,,,,,,,,,,,,,,,
,,,,,,,,,,,,,,,,,,,,,,,,,,,,,,,,,,,,,
,,,,,,,,,,,,,,,,,,,,,,,,,,,,,,,,,,,,,
,,,,,,,,,,,,,,,,,,,,,,,,,,,,,,,,,,,,,
,,,,,,,,,,,,,,,,,,,,,,,,,,,,,,,,,,,,,
,,,,,,,,,,,,,,,,,,,,,,,,,,,,,,,,,,,,,
,,,,,,,,,,,,,,,,,,,,,,,,,,,,,,,,,,,,,
,,,,,,,,,,,,,,,,,,,,,,,,,,,,,,,,,,,,,
,,,,,,,,,,,,,,,,,,,,,,,,,,,,,,,,,,,,,
,,,,,,,,,,,,,,,,,,,,,,,,,,,,,,,,,,,,,
,,,,,,,,,,,,,,,,,,,,,,,,,,,,,,,,,,,,,
,,,,,,,,,,,,,,,,,,,,,,,,,,,,,,,,,,,,,
,,,,,,,,,,,,,,,,,,,,,,,,,,,,,,,,,,,,,
,,,,,,,,,,,,,,,,,,,,,,,,,,,,,,,,,,,,,
,,,,,,,,,,,,,,,,,,,,,,,,,,,,,,,,,,,,,
,,,,,,,,,,,,,,,,,,,,,,,,,,,,,,,,,,,,,
,,,,,,,,,,,,,,,,,,,,,,,,,,,,,,,,,,,,,
,,,,,,,,,,,,,,,,,,,,,,,,,,,,,,,,,,,,,
,,,,,,,,,,,,,,,,,,,,,,,,,,,,,,,,,,,,,
,,,,,,,,,,,,,,,,,,,,,,,,,,,,,,,,,,,,,
,,,,,,,,,,,,,,,,,,,,,,,,,,,,,,,,,,,,,
,,,,,,,,,,,,,,,,,,,,,,,,,,,,,,,,,,,,,
,,,,,,,,,,,,,,,,,,,,,,,,,,,,,,,,,,,,,
,,,,,,,,,,,,,,,,,,,,,,,,,,,,,,,,,,,,,
,,,,,,,,,,,,,,,,,,,,,,,,,,,,,,,,,,,,,
,,,,,,,,,,,,,,,,,,,,,,,,,,,,,,,,,,,,,
,,,,,,,,,,,,,,,,,,,,,,,,,,,,,,,,,,,,,
,,,,,,,,,,,,,,,,,,,,,,,,,,,,,,,,,,,,,
,,,,,,,,,,,,,,,,,,,,,,,,,,,,,,,,,,,,,
,,,,,,,,,,,,,,,,,,,,,,,,,,,,,,,,,,,,,
,,,,,,,,,,,,,,,,,,,,,,,,,,,,,,,,,,,,,
,,,,,,,,,,,,,,,,,,,,,,,,,,,,,,,,,,,,,
,,,,,,,,,,,,,,,,,,,,,,,,,,,,,,,,,,,,,
,,,,,,,,,,,,,,,,,,,,,,,,,,,,,,,,,,,,,
,,,,,,,,,,,,,,,,,,,,,,,,,,,,,,,,,,,,,
,,,,,,,,,,,,,,,,,,,,,,,,,,,,,,,,,,,,,
,,,,,,,,,,,,,,,,,,,,,,,,,,,,,,,,,,,,,
,,,,,,,,,,,,,,,,,,,,,,,,,,,,,,,,,,,,,
,,,,,,,,,,,,,,,,,,,,,,,,,,,,,,,,,,,,,
,,,,,,,,,,,,,,,,,,,,,,,,,,,,,,,,,,,,,
,,,,,,,,,,,,,,,,,,,,,,,,,,,,,,,,,,,,,
,,,,,,,,,,,,,,,,,,,,,,,,,,,,,,,,,,,,,
,,,,,,,,,,,,,,,,,,,,,,,,,,,,,,,,,,,,,
,,,,,,,,,,,,,,,,,,,,,,,,,,,,,,,,,,,,,
,,,,,,,,,,,,,,,,,,,,,,,,,,,,,,,,,,,,,
,,,,,,,,,,,,,,,,,,,,,,,,,,,,,,,,,,,,,
,,,,,,,,,,,,,,,,,,,,,,,,,,,,,,,,,,,,,
,,,,,,,,,,,,,,,,,,,,,,,,,,,,,,,,,,,,,
,,,,,,,,,,,,,,,,,,,,,,,,,,,,,,,,,,,,,
,,,,,,,,,,,,,,,,,,,,,,,,,,,,,,,,,,,,,
,,,,,,,,,,,,,,,,,,,,,,,,,,,,,,,,,,,,,
,,,,,,,,,,,,,,,,,,,,,,,,,,,,,,,,,,,,,
,,,,,,,,,,,,,,,,,,,,,,,,,,,,,,,,,,,,,
,,,,,,,,,,,,,,,,,,,,,,,,,,,,,,,,,,,,,
,,,,,,,,,,,,,,,,,,,,,,,,,,,,,,,,,,,,,
,,,,,,,,,,,,,,,,,,,,,,,,,,,,,,,,,,,,,
,,,,,,,,,,,,,,,,,,,,,,,,,,,,,,,,,,,,,
,,,,,,,,,,,,,,,,,,,,,,,,,,,,,,,,,,,,,
,,,,,,,,,,,,,,,,,,,,,,,,,,,,,,,,,,,,,
,,,,,,,,,,,,,,,,,,,,,,,,,,,,,,,,,,,,,
,,,,,,,,,,,,,,,,,,,,,,,,,,,,,,,,,,,,,
,,,,,,,,,,,,,,,,,,,,,,,,,,,,,,,,,,,,,
,,,,,,,,,,,,,,,,,,,,,,,,,,,,,,,,,,,,,
,,,,,,,,,,,,,,,,,,,,,,,,,,,,,,,,,,,,,
,,,,,,,,,,,,,,,,,,,,,,,,,,,,,,,,,,,,,
,,,,,,,,,,,,,,,,,,,,,,,,,,,,,,,,,,,,,
,,,,,,,,,,,,,,,,,,,,,,,,,,,,,,,,,,,,,
,,,,,,,,,,,,,,,,,,,,,,,,,,,,,,,,,,,,,
,,,,,,,,,,,,,,,,,,,,,,,,,,,,,,,,,,,,,
,,,,,,,,,,,,,,,,,,,,,,,,,,,,,,,,,,,,,
,,,,,,,,,,,,,,,,,,,,,,,,,,,,,,,,,,,,,
,,,,,,,,,,,,,,,,,,,,,,,,,,,,,,,,,,,,,
,,,,,,,,,,,,,,,,,,,,,,,,,,,,,,,,,,,,,
,,,,,,,,,,,,,,,,,,,,,,,,,,,,,,,,,,,,,
,,,,,,,,,,,,,,,,,,,,,,,,,,,,,,,,,,,,,
,,,,,,,,,,,,,,,,,,,,,,,,,,,,,,,,,,,,,
,,,,,,,,,,,,,,,,,,,,,,,,,,,,,,,,,,,,,
,,,,,,,,,,,,,,,,,,,,,,,,,,,,,,,,,,,,,
,,,,,,,,,,,,,,,,,,,,,,,,,,,,,,,,,,,,,
,,,,,,,,,,,,,,,,,,,,,,,,,,,,,,,,,,,,,
,,,,,,,,,,,,,,,,,,,,,,,,,,,,,,,,,,,,,
,,,,,,,,,,,,,,,,,,,,,,,,,,,,,,,,,,,,,
,,,,,,,,,,,,,,,,,,,,,,,,,,,,,,,,,,,,,
,,,,,,,,,,,,,,,,,,,,,,,,,,,,,,,,,,,,,
,,,,,,,,,,,,,,,,,,,,,,,,,,,,,,,,,,,,,
,,,,,,,,,,,,,,,,,,,,,,,,,,,,,,,,,,,,,
,,,,,,,,,,,,,,,,,,,,,,,,,,,,,,,,,,,,,
,,,,,,,,,,,,,,,,,,,,,,,,,,,,,,,,,,,,,
,,,,,,,,,,,,,,,,,,,,,,,,,,,,,,,,,,,,,
,,,,,,,,,,,,,,,,,,,,,,,,,,,,,,,,,,,,,
,,,,,,,,,,,,,,,,,,,,,,,,,,,,,,,,,,,,,
,,,,,,,,,,,,,,,,,,,,,,,,,,,,,,,,,,,,,
,,,,,,,,,,,,,,,,,,,,,,,,,,,,,,,,,,,,,
,,,,,,,,,,,,,,,,,,,,,,,,,,,,,,,,,,,,,
,,,,,,,,,,,,,,,,,,,,,,,,,,,,,,,,,,,,,
,,,,,,,,,,,,,,,,,,,,,,,,,,,,,,,,,,,,,
,,,,,,,,,,,,,,,,,,,,,,,,,,,,,,,,,,,,,
,,,,,,,,,,,,,,,,,,,,,,,,,,,,,,,,,,,,,
,,,,,,,,,,,,,,,,,,,,,,,,,,,,,,,,,,,,,
,,,,,,,,,,,,,,,,,,,,,,,,,,,,,,,,,,,,,
,,,,,,,,,,,,,,,,,,,,,,,,,,,,,,,,,,,,,
,,,,,,,,,,,,,,,,,,,,,,,,,,,,,,,,,,,,,
,,,,,,,,,,,,,,,,,,,,,,,,,,,,,,,,,,,,,
,,,,,,,,,,,,,,,,,,,,,,,,,,,,,,,,,,,,,
,,,,,,,,,,,,,,,,,,,,,,,,,,,,,,,,,,,,,
,,,,,,,,,,,,,,,,,,,,,,,,,,,,,,,,,,,,,
,,,,,,,,,,,,,,,,,,,,,,,,,,,,,,,,,,,,,
,,,,,,,,,,,,,,,,,,,,,,,,,,,,,,,,,,,,,
,,,,,,,,,,,,,,,,,,,,,,,,,,,,,,,,,,,,,
,,,,,,,,,,,,,,,,,,,,,,,,,,,,,,,,,,,,,
,,,,,,,,,,,,,,,,,,,,,,,,,,,,,,,,,,,,,
,,,,,,,,,,,,,,,,,,,,,,,,,,,,,,,,,,,,,
,,,,,,,,,,,,,,,,,,,,,,,,,,,,,,,,,,,,,
,,,,,,,,,,,,,,,,,,,,,,,,,,,,,,,,,,,,,
,,,,,,,,,,,,,,,,,,,,,,,,,,,,,,,,,,,,,
,,,,,,,,,,,,,,,,,,,,,,,,,,,,,,,,,,,,,
,,,,,,,,,,,,,,,,,,,,,,,,,,,,,,,,,,,,,
,,,,,,,,,,,,,,,,,,,,,,,,,,,,,,,,,,,,,
,,,,,,,,,,,,,,,,,,,,,,,,,,,,,,,,,,,,,
,,,,,,,,,,,,,,,,,,,,,,,,,,,,,,,,,,,,,
,,,,,,,,,,,,,,,,,,,,,,,,,,,,,,,,,,,,,
,,,,,,,,,,,,,,,,,,,,,,,,,,,,,,,,,,,,,
,,,,,,,,,,,,,,,,,,,,,,,,,,,,,,,,,,,,,
,,,,,,,,,,,,,,,,,,,,,,,,,,,,,,,,,,,,,
,,,,,,,,,,,,,,,,,,,,,,,,,,,,,,,,,,,,,
,,,,,,,,,,,,,,,,,,,,,,,,,,,,,,,,,,,,,
,,,,,,,,,,,,,,,,,,,,,,,,,,,,,,,,,,,,,
,,,,,,,,,,,,,,,,,,,,,,,,,,,,,,,,,,,,,
,,,,,,,,,,,,,,,,,,,,,,,,,,,,,,,,,,,,,
,,,,,,,,,,,,,,,,,,,,,,,,,,,,,,,,,,,,,
,,,,,,,,,,,,,,,,,,,,,,,,,,,,,,,,,,,,,
,,,,,,,,,,,,,,,,,,,,,,,,,,,,,,,,,,,,,
,,,,,,,,,,,,,,,,,,,,,,,,,,,,,,,,,,,,,
,,,,,,,,,,,,,,,,,,,,,,,,,,,,,,,,,,,,,
,,,,,,,,,,,,,,,,,,,,,,,,,,,,,,,,,,,,,
,,,,,,,,,,,,,,,,,,,,,,,,,,,,,,,,,,,,,
,,,,,,,,,,,,,,,,,,,,,,,,,,,,,,,,,,,,,
,,,,,,,,,,,,,,,,,,,,,,,,,,,,,,,,,,,,,
,,,,,,,,,,,,,,,,,,,,,,,,,,,,,,,,,,,,,
,,,,,,,,,,,,,,,,,,,,,,,,,,,,,,,,,,,,,
,,,,,,,,,,,,,,,,,,,,,,,,,,,,,,,,,,,,,
,,,,,,,,,,,,,,,,,,,,,,,,,,,,,,,,,,,,,
,,,,,,,,,,,,,,,,,,,,,,,,,,,,,,,,,,,,,
,,,,,,,,,,,,,,,,,,,,,,,,,,,,,,,,,,,,,
,,,,,,,,,,,,,,,,,,,,,,,,,,,,,,,,,,,,,
,,,,,,,,,,,,,,,,,,,,,,,,,,,,,,,,,,,,,
,,,,,,,,,,,,,,,,,,,,,,,,,,,,,,,,,,,,,
,,,,,,,,,,,,,,,,,,,,,,,,,,,,,,,,,,,,,
,,,,,,,,,,,,,,,,,,,,,,,,,,,,,,,,,,,,,
,,,,,,,,,,,,,,,,,,,,,,,,,,,,,,,,,,,,,
,,,,,,,,,,,,,,,,,,,,,,,,,,,,,,,,,,,,,
,,,,,,,,,,,,,,,,,,,,,,,,,,,,,,,,,,,,,
,,,,,,,,,,,,,,,,,,,,,,,,,,,,,,,,,,,,,
,,,,,,,,,,,,,,,,,,,,,,,,,,,,,,,,,,,,,
,,,,,,,,,,,,,,,,,,,,,,,,,,,,,,,,,,,,,
,,,,,,,,,,,,,,,,,,,,,,,,,,,,,,,,,,,,,
,,,,,,,,,,,,,,,,,,,,,,,,,,,,,,,,,,,,,
,,,,,,,,,,,,,,,,,,,,,,,,,,,,,,,,,,,,,
,,,,,,,,,,,,,,,,,,,,,,,,,,,,,,,,,,,,,
,,,,,,,,,,,,,,,,,,,,,,,,,,,,,,,,,,,,,
,,,,,,,,,,,,,,,,,,,,,,,,,,,,,,,,,,,,,
,,,,,,,,,,,,,,,,,,,,,,,,,,,,,,,,,,,,,
,,,,,,,,,,,,,,,,,,,,,,,,,,,,,,,,,,,,,
,,,,,,,,,,,,,,,,,,,,,,,,,,,,,,,,,,,,,
,,,,,,,,,,,,,,,,,,,,,,,,,,,,,,,,,,,,,
,,,,,,,,,,,,,,,,,,,,,,,,,,,,,,,,,,,,,
,,,,,,,,,,,,,,,,,,,,,,,,,,,,,,,,,,,,,
,,,,,,,,,,,,,,,,,,,,,,,,,,,,,,,,,,,,,
,,,,,,,,,,,,,,,,,,,,,,,,,,,,,,,,,,,,,
,,,,,,,,,,,,,,,,,,,,,,,,,,,,,,,,,,,,,
,,,,,,,,,,,,,,,,,,,,,,,,,,,,,,,,,,,,,
,,,,,,,,,,,,,,,,,,,,,,,,,,,,,,,,,,,,,
,,,,,,,,,,,,,,,,,,,,,,,,,,,,,,,,,,,,,
,,,,,,,,,,,,,,,,,,,,,,,,,,,,,,,,,,,,,
,,,,,,,,,,,,,,,,,,,,,,,,,,,,,,,,,,,,,
,,,,,,,,,,,,,,,,,,,,,,,,,,,,,,,,,,,,,
,,,,,,,,,,,,,,,,,,,,,,,,,,,,,,,,,,,,,
,,,,,,,,,,,,,,,,,,,,,,,,,,,,,,,,,,,,,
,,,,,,,,,,,,,,,,,,,,,,,,,,,,,,,,,,,,,
,,,,,,,,,,,,,,,,,,,,,,,,,,,,,,,,,,,,,
,,,,,,,,,,,,,,,,,,,,,,,,,,,,,,,,,,,,,
,,,,,,,,,,,,,,,,,,,,,,,,,,,,,,,,,,,,,
,,,,,,,,,,,,,,,,,,,,,,,,,,,,,,,,,,,,,
,,,,,,,,,,,,,,,,,,,,,,,,,,,,,,,,,,,,,
,,,,,,,,,,,,,,,,,,,,,,,,,,,,,,,,,,,,,
,,,,,,,,,,,,,,,,,,,,,,,,,,,,,,,,,,,,,
,,,,,,,,,,,,,,,,,,,,,,,,,,,,,,,,,,,,,
,,,,,,,,,,,,,,,,,,,,,,,,,,,,,,,,,,,,,
,,,,,,,,,,,,,,,,,,,,,,,,,,,,,,,,,,,,,
,,,,,,,,,,,,,,,,,,,,,,,,,,,,,,,,,,,,,
,,,,,,,,,,,,,,,,,,,,,,,,,,,,,,,,,,,,,
,,,,,,,,,,,,,,,,,,,,,,,,,,,,,,,,,,,,,
,,,,,,,,,,,,,,,,,,,,,,,,,,,,,,,,,,,,,
,,,,,,,,,,,,,,,,,,,,,,,,,,,,,,,,,,,,,
,,,,,,,,,,,,,,,,,,,,,,,,,,,,,,,,,,,,,
,,,,,,,,,,,,,,,,,,,,,,,,,,,,,,,,,,,,,
,,,,,,,,,,,,,,,,,,,,,,,,,,,,,,,,,,,,,
,,,,,,,,,,,,,,,,,,,,,,,,,,,,,,,,,,,,,
,,,,,,,,,,,,,,,,,,,,,,,,,,,,,,,,,,,,,
,,,,,,,,,,,,,,,,,,,,,,,,,,,,,,,,,,,,,
,,,,,,,,,,,,,,,,,,,,,,,,,,,,,,,,,,,,,
,,,,,,,,,,,,,,,,,,,,,,,,,,,,,,,,,,,,,
,,,,,,,,,,,,,,,,,,,,,,,,,,,,,,,,,,,,,
,,,,,,,,,,,,,,,,,,,,,,,,,,,,,,,,,,,,,
,,,,,,,,,,,,,,,,,,,,,,,,,,,,,,,,,,,,,
,,,,,,,,,,,,,,,,,,,,,,,,,,,,,,,,,,,,,
,,,,,,,,,,,,,,,,,,,,,,,,,,,,,,,,,,,,,
,,,,,,,,,,,,,,,,,,,,,,,,,,,,,,,,,,,,,
,,,,,,,,,,,,,,,,,,,,,,,,,,,,,,,,,,,,,
,,,,,,,,,,,,,,,,,,,,,,,,,,,,,,,,,,,,,
,,,,,,,,,,,,,,,,,,,,,,,,,,,,,,,,,,,,,
,,,,,,,,,,,,,,,,,,,,,,,,,,,,,,,,,,,,,
,,,,,,,,,,,,,,,,,,,,,,,,,,,,,,,,,,,,,
,,,,,,,,,,,,,,,,,,,,,,,,,,,,,,,,,,,,,
,,,,,,,,,,,,,,,,,,,,,,,,,,,,,,,,,,,,,
,,,,,,,,,,,,,,,,,,,,,,,,,,,,,,,,,,,,,
,,,,,,,,,,,,,,,,,,,,,,,,,,,,,,,,,,,,,
,,,,,,,,,,,,,,,,,,,,,,,,,,,,,,,,,,,,,
,,,,,,,,,,,,,,,,,,,,,,,,,,,,,,,,,,,,,
,,,,,,,,,,,,,,,,,,,,,,,,,,,,,,,,,,,,,
,,,,,,,,,,,,,,,,,,,,,,,,,,,,,,,,,,,,,
,,,,,,,,,,,,,,,,,,,,,,,,,,,,,,,,,,,,,
,,,,,,,,,,,,,,,,,,,,,,,,,,,,,,,,,,,,,
,,,,,,,,,,,,,,,,,,,,,,,,,,,,,,,,,,,,,
,,,,,,,,,,,,,,,,,,,,,,,,,,,,,,,,,,,,,
,,,,,,,,,,,,,,,,,,,,,,,,,,,,,,,,,,,,,
,,,,,,,,,,,,,,,,,,,,,,,,,,,,,,,,,,,,,
,,,,,,,,,,,,,,,,,,,,,,,,,,,,,,,,,,,,,
,,,,,,,,,,,,,,,,,,,,,,,,,,,,,,,,,,,,,
,,,,,,,,,,,,,,,,,,,,,,,,,,,,,,,,,,,,,
,,,,,,,,,,,,,,,,,,,,,,,,,,,,,,,,,,,,,
,,,,,,,,,,,,,,,,,,,,,,,,,,,,,,,,,,,,,
,,,,,,,,,,,,,,,,,,,,,,,,,,,,,,,,,,,,,
,,,,,,,,,,,,,,,,,,,,,,,,,,,,,,,,,,,,,
,,,,,,,,,,,,,,,,,,,,,,,,,,,,,,,,,,,,,
,,,,,,,,,,,,,,,,,,,,,,,,,,,,,,,,,,,,,
,,,,,,,,,,,,,,,,,,,,,,,,,,,,,,,,,,,,,
,,,,,,,,,,,,,,,,,,,,,,,,,,,,,,,,,,,,,
,,,,,,,,,,,,,,,,,,,,,,,,,,,,,,,,,,,,,
,,,,,,,,,,,,,,,,,,,,,,,,,,,,,,,,,,,,,
,,,,,,,,,,,,,,,,,,,,,,,,,,,,,,,,,,,,,
,,,,,,,,,,,,,,,,,,,,,,,,,,,,,,,,,,,,,
,,,,,,,,,,,,,,,,,,,,,,,,,,,,,,,,,,,,,
,,,,,,,,,,,,,,,,,,,,,,,,,,,,,,,,,,,,,
,,,,,,,,,,,,,,,,,,,,,,,,,,,,,,,,,,,,,
,,,,,,,,,,,,,,,,,,,,,,,,,,,,,,,,,,,,,
,,,,,,,,,,,,,,,,,,,,,,,,,,,,,,,,,,,,,
,,,,,,,,,,,,,,,,,,,,,,,,,,,,,,,,,,,,,
,,,,,,,,,,,,,,,,,,,,,,,,,,,,,,,,,,,,,
,,,,,,,,,,,,,,,,,,,,,,,,,,,,,,,,,,,,,
,,,,,,,,,,,,,,,,,,,,,,,,,,,,,,,,,,,,,
,,,,,,,,,,,,,,,,,,,,,,,,,,,,,,,,,,,,,
,,,,,,,,,,,,,,,,,,,,,,,,,,,,,,,,,,,,,
,,,,,,,,,,,,,,,,,,,,,,,,,,,,,,,,,,,,,
,,,,,,,,,,,,,,,,,,,,,,,,,,,,,,,,,,,,,
,,,,,,,,,,,,,,,,,,,,,,,,,,,,,,,,,,,,,
,,,,,,,,,,,,,,,,,,,,,,,,,,,,,,,,,,,,,
,,,,,,,,,,,,,,,,,,,,,,,,,,,,,,,,,,,,,
,,,,,,,,,,,,,,,,,,,,,,,,,,,,,,,,,,,,,
,,,,,,,,,,,,,,,,,,,,,,,,,,,,,,,,,,,,,
,,,,,,,,,,,,,,,,,,,,,,,,,,,,,,,,,,,,,
,,,,,,,,,,,,,,,,,,,,,,,,,,,,,,,,,,,,,
,,,,,,,,,,,,,,,,,,,,,,,,,,,,,,,,,,,,,
,,,,,,,,,,,,,,,,,,,,,,,,,,,,,,,,,,,,,
,,,,,,,,,,,,,,,,,,,,,,,,,,,,,,,,,,,,,
,,,,,,,,,,,,,,,,,,,,,,,,,,,,,,,,,,,,,
,,,,,,,,,,,,,,,,,,,,,,,,,,,,,,,,,,,,,
,,,,,,,,,,,,,,,,,,,,,,,,,,,,,,,,,,,,,
,,,,,,,,,,,,,,,,,,,,,,,,,,,,,,,,,,,,,
,,,,,,,,,,,,,,,,,,,,,,,,,,,,,,,,,,,,,
,,,,,,,,,,,,,,,,,,,,,,,,,,,,,,,,,,,,,
,,,,,,,,,,,,,,,,,,,,,,,,,,,,,,,,,,,,,
,,,,,,,,,,,,,,,,,,,,,,,,,,,,,,,,,,,,,
,,,,,,,,,,,,,,,,,,,,,,,,,,,,,,,,,,,,,
,,,,,,,,,,,,,,,,,,,,,,,,,,,,,,,,,,,,,
,,,,,,,,,,,,,,,,,,,,,,,,,,,,,,,,,,,,,
,,,,,,,,,,,,,,,,,,,,,,,,,,,,,,,,,,,,,
,,,,,,,,,,,,,,,,,,,,,,,,,,,,,,,,,,,,,
,,,,,,,,,,,,,,,,,,,,,,,,,,,,,,,,,,,,,
,,,,,,,,,,,,,,,,,,,,,,,,,,,,,,,,,,,,,
,,,,,,,,,,,,,,,,,,,,,,,,,,,,,,,,,,,,,
,,,,,,,,,,,,,,,,,,,,,,,,,,,,,,,,,,,,,
,,,,,,,,,,,,,,,,,,,,,,,,,,,,,,,,,,,,,
,,,,,,,,,,,,,,,,,,,,,,,,,,,,,,,,,,,,,
,,,,,,,,,,,,,,,,,,,,,,,,,,,,,,,,,,,,,
,,,,,,,,,,,,,,,,,,,,,,,,,,,,,,,,,,,,,
,,,,,,,,,,,,,,,,,,,,,,,,,,,,,,,,,,,,,
,,,,,,,,,,,,,,,,,,,,,,,,,,,,,,,,,,,,,
,,,,,,,,,,,,,,,,,,,,,,,,,,,,,,,,,,,,,
,,,,,,,,,,,,,,,,,,,,,,,,,,,,,,,,,,,,,
,,,,,,,,,,,,,,,,,,,,,,,,,,,,,,,,,,,,,
,,,,,,,,,,,,,,,,,,,,,,,,,,,,,,,,,,,,,
,,,,,,,,,,,,,,,,,,,,,,,,,,,,,,,,,,,,,
,,,,,,,,,,,,,,,,,,,,,,,,,,,,,,,,,,,,,
,,,,,,,,,,,,,,,,,,,,,,,,,,,,,,,,,,,,,
,,,,,,,,,,,,,,,,,,,,,,,,,,,,,,,,,,,,,
,,,,,,,,,,,,,,,,,,,,,,,,,,,,,,,,,,,,,
,,,,,,,,,,,,,,,,,,,,,,,,,,,,,,,,,,,,,
,,,,,,,,,,,,,,,,,,,,,,,,,,,,,,,,,,,,,
,,,,,,,,,,,,,,,,,,,,,,,,,,,,,,,,,,,,,
,,,,,,,,,,,,,,,,,,,,,,,,,,,,,,,,,,,,,
,,,,,,,,,,,,,,,,,,,,,,,,,,,,,,,,,,,,,
,,,,,,,,,,,,,,,,,,,,,,,,,,,,,,,,,,,,,
,,,,,,,,,,,,,,,,,,,,,,,,,,,,,,,,,,,,,
,,,,,,,,,,,,,,,,,,,,,,,,,,,,,,,,,,,,,
,,,,,,,,,,,,,,,,,,,,,,,,,,,,,,,,,,,,,
,,,,,,,,,,,,,,,,,,,,,,,,,,,,,,,,,,,,,
,,,,,,,,,,,,,,,,,,,,,,,,,,,,,,,,,,,,,
,,,,,,,,,,,,,,,,,,,,,,,,,,,,,,,,,,,,,
,,,,,,,,,,,,,,,,,,,,,,,,,,,,,,,,,,,,,
,,,,,,,,,,,,,,,,,,,,,,,,,,,,,,,,,,,,,
,,,,,,,,,,,,,,,,,,,,,,,,,,,,,,,,,,,,,
,,,,,,,,,,,,,,,,,,,,,,,,,,,,,,,,,,,,,
,,,,,,,,,,,,,,,,,,,,,,,,,,,,,,,,,,,,,
,,,,,,,,,,,,,,,,,,,,,,,,,,,,,,,,,,,,,
,,,,,,,,,,,,,,,,,,,,,,,,,,,,,,,,,,,,,
,,,,,,,,,,,,,,,,,,,,,,,,,,,,,,,,,,,,,
,,,,,,,,,,,,,,,,,,,,,,,,,,,,,,,,,,,,,
,,,,,,,,,,,,,,,,,,,,,,,,,,,,,,,,,,,,,
,,,,,,,,,,,,,,,,,,,,,,,,,,,,,,,,,,,,,
,,,,,,,,,,,,,,,,,,,,,,,,,,,,,,,,,,,,,
,,,,,,,,,,,,,,,,,,,,,,,,,,,,,,,,,,,,,
,,,,,,,,,,,,,,,,,,,,,,,,,,,,,,,,,,,,,
,,,,,,,,,,,,,,,,,,,,,,,,,,,,,,,,,,,,,
,,,,,,,,,,,,,,,,,,,,,,,,,,,,,,,,,,,,,
,,,,,,,,,,,,,,,,,,,,,,,,,,,,,,,,,,,,,
,,,,,,,,,,,,,,,,,,,,,,,,,,,,,,,,,,,,,
,,,,,,,,,,,,,,,,,,,,,,,,,,,,,,,,,,,,,
,,,,,,,,,,,,,,,,,,,,,,,,,,,,,,,,,,,,,
,,,,,,,,,,,,,,,,,,,,,,,,,,,,,,,,,,,,,
,,,,,,,,,,,,,,,,,,,,,,,,,,,,,,,,,,,,,
,,,,,,,,,,,,,,,,,,,,,,,,,,,,,,,,,,,,,
,,,,,,,,,,,,,,,,,,,,,,,,,,,,,,,,,,,,,
,,,,,,,,,,,,,,,,,,,,,,,,,,,,,,,,,,,,,
,,,,,,,,,,,,,,,,,,,,,,,,,,,,,,,,,,,,,
,,,,,,,,,,,,,,,,,,,,,,,,,,,,,,,,,,,,,
,,,,,,,,,,,,,,,,,,,,,,,,,,,,,,,,,,,,,
,,,,,,,,,,,,,,,,,,,,,,,,,,,,,,,,,,,,,
,,,,,,,,,,,,,,,,,,,,,,,,,,,,,,,,,,,,,
,,,,,,,,,,,,,,,,,,,,,,,,,,,,,,,,,,,,,
,,,,,,,,,,,,,,,,,,,,,,,,,,,,,,,,,,,,,
,,,,,,,,,,,,,,,,,,,,,,,,,,,,,,,,,,,,,
,,,,,,,,,,,,,,,,,,,,,,,,,,,,,,,,,,,,,
,,,,,,,,,,,,,,,,,,,,,,,,,,,,,,,,,,,,,
,,,,,,,,,,,,,,,,,,,,,,,,,,,,,,,,,,,,,
,,,,,,,,,,,,,,,,,,,,,,,,,,,,,,,,,,,,,
,,,,,,,,,,,,,,,,,,,,,,,,,,,,,,,,,,,,,
,,,,,,,,,,,,,,,,,,,,,,,,,,,,,,,,,,,,,
,,,,,,,,,,,,,,,,,,,,,,,,,,,,,,,,,,,,,
,,,,,,,,,,,,,,,,,,,,,,,,,,,,,,,,,,,,,
,,,,,,,,,,,,,,,,,,,,,,,,,,,,,,,,,,,,,
,,,,,,,,,,,,,,,,,,,,,,,,,,,,,,,,,,,,,
,,,,,,,,,,,,,,,,,,,,,,,,,,,,,,,,,,,,,
,,,,,,,,,,,,,,,,,,,,,,,,,,,,,,,,,,,,,
,,,,,,,,,,,,,,,,,,,,,,,,,,,,,,,,,,,,,
,,,,,,,,,,,,,,,,,,,,,,,,,,,,,,,,,,,,,
,,,,,,,,,,,,,,,,,,,,,,,,,,,,,,,,,,,,,
,,,,,,,,,,,,,,,,,,,,,,,,,,,,,,,,,,,,,
,,,,,,,,,,,,,,,,,,,,,,,,,,,,,,,,,,,,,
,,,,,,,,,,,,,,,,,,,,,,,,,,,,,,,,,,,,,
,,,,,,,,,,,,,,,,,,,,,,,,,,,,,,,,,,,,,
,,,,,,,,,,,,,,,,,,,,,,,,,,,,,,,,,,,,,
,,,,,,,,,,,,,,,,,,,,,,,,,,,,,,,,,,,,,
,,,,,,,,,,,,,,,,,,,,,,,,,,,,,,,,,,,,,
,,,,,,,,,,,,,,,,,,,,,,,,,,,,,,,,,,,,,
,,,,,,,,,,,,,,,,,,,,,,,,,,,,,,,,,,,,,
,,,,,,,,,,,,,,,,,,,,,,,,,,,,,,,,,,,,,
,,,,,,,,,,,,,,,,,,,,,,,,,,,,,,,,,,,,,
,,,,,,,,,,,,,,,,,,,,,,,,,,,,,,,,,,,,,
,,,,,,,,,,,,,,,,,,,,,,,,,,,,,,,,,,,,,
,,,,,,,,,,,,,,,,,,,,,,,,,,,,,,,,,,,,,
,,,,,,,,,,,,,,,,,,,,,,,,,,,,,,,,,,,,,
,,,,,,,,,,,,,,,,,,,,,,,,,,,,,,,,,,,,,
,,,,,,,,,,,,,,,,,,,,,,,,,,,,,,,,,,,,,
,,,,,,,,,,,,,,,,,,,,,,,,,,,,,,,,,,,,,
,,,,,,,,,,,,,,,,,,,,,,,,,,,,,,,,,,,,,
,,,,,,,,,,,,,,,,,,,,,,,,,,,,,,,,,,,,,
,,,,,,,,,,,,,,,,,,,,,,,,,,,,,,,,,,,,,
,,,,,,,,,,,,,,,,,,,,,,,,,,,,,,,,,,,,,
,,,,,,,,,,,,,,,,,,,,,,,,,,,,,,,,,,,,,
,,,,,,,,,,,,,,,,,,,,,,,,,,,,,,,,,,,,,
,,,,,,,,,,,,,,,,,,,,,,,,,,,,,,,,,,,,,
,,,,,,,,,,,,,,,,,,,,,,,,,,,,,,,,,,,,,
,,,,,,,,,,,,,,,,,,,,,,,,,,,,,,,,,,,,,
,,,,,,,,,,,,,,,,,,,,,,,,,,,,,,,,,,,,,
,,,,,,,,,,,,,,,,,,,,,,,,,,,,,,,,,,,,,
,,,,,,,,,,,,,,,,,,,,,,,,,,,,,,,,,,,,,
,,,,,,,,,,,,,,,,,,,,,,,,,,,,,,,,,,,,,
,,,,,,,,,,,,,,,,,,,,,,,,,,,,,,,,,,,,,
,,,,,,,,,,,,,,,,,,,,,,,,,,,,,,,,,,,,,
,,,,,,,,,,,,,,,,,,,,,,,,,,,,,,,,,,,,,
,,,,,,,,,,,,,,,,,,,,,,,,,,,,,,,,,,,,,
,,,,,,,,,,,,,,,,,,,,,,,,,,,,,,,,,,,,,
,,,,,,,,,,,,,,,,,,,,,,,,,,,,,,,,,,,,,
,,,,,,,,,,,,,,,,,,,,,,,,,,,,,,,,,,,,,
,,,,,,,,,,,,,,,,,,,,,,,,,,,,,,,,,,,,,
,,,,,,,,,,,,,,,,,,,,,,,,,,,,,,,,,,,,,
,,,,,,,,,,,,,,,,,,,,,,,,,,,,,,,,,,,,,
,,,,,,,,,,,,,,,,,,,,,,,,,,,,,,,,,,,,,
,,,,,,,,,,,,,,,,,,,,,,,,,,,,,,,,,,,,,
,,,,,,,,,,,,,,,,,,,,,,,,,,,,,,,,,,,,,