宪法 (2494),,,法律与司法,宪法
,宪法 (1167),,法律与司法,宪法
,国旗国徽国歌 (41),,法律与司法,宪法
,公民权利与义务 (16),,法律与司法,宪法
,选举法 (182),,法律与司法,宪法
,组织法 (86),,法律与司法,宪法
,人大议事 (779),,法律与司法,宪法
,人大立法 (31),,法律与司法,宪法
,港澳特别行政区 (159),,法律与司法,宪法
,法律实施监督 (35),,法律与司法,宪法
国家机关 (1690),,,法律与司法,国家机关
,权力机关 (482),,法律与司法,国家机关
,行政机关 (242),,法律与司法,国家机关
,审判机关 (737),,法律与司法,国家机关
,检察机关 (257),,法律与司法,国家机关
机关工作 (27081),,,法律与司法,机关工作
,机关工作综合规定 (20140),,法律与司法,机关工作
,公文处理 (157),,法律与司法,机关工作
,会议差旅 (1998),,法律与司法,机关工作
,新闻发布 (51),,法律与司法,机关工作
,信访 (204),,法律与司法,机关工作
,档案 (605),,法律与司法,机关工作
,保密 (137),,法律与司法,机关工作
,干部与工作人员 (466),,法律与司法,机关工作
,政纪党纪 (435),,法律与司法,机关工作
,廉政 (382),,法律与司法,机关工作
,福利 (12),,法律与司法,机关工作
,奖惩 (1695),,法律与司法,机关工作
,纪检 (115),,法律与司法,机关工作
,监察 (241),,法律与司法,机关工作
,行政处罚与行政复议 (395),,法律与司法,机关工作
,精神文明建设 (339),,法律与司法,机关工作
法制工作 (3746),,,法律与司法,法制工作
,法制工作综合规定 (1476),,法律与司法,法制工作
,法规规章清理 (1118),,法律与司法,法制工作
,法规规章制定与发布 (284),,法律与司法,法制工作
,法规规章备案 (29),,法律与司法,法制工作
,法律宣传教育 (530),,法律与司法,法制工作
,法律解释执行 (136),,法律与司法,法制工作
,法律实施监督 (36),,法律与司法,法制工作
,基层法律事务 (156),,法律与司法,法制工作
,政法干部与工作人员 (39),,法律与司法,法制工作
营商环境优化 (12015),,,经济与贸易,营商环境优化
疫情防控 (2184),,,卫生与人口,疫情防控
律师 (1270),,,法律与司法,律师
,律师综合规定与机构 (740),,法律与司法,律师
,法律职业资格 (159),,法律与司法,律师
,律师业务 (195),,法律与司法,律师
,律师收费 (11),,法律与司法,律师
,司法考试 (158),,法律与司法,律师
公证 (799),,,法律与司法,公证
,公证综合规定 (220),,法律与司法,公证
,公证人员 (118),,法律与司法,公证
,公证效力 (10),,法律与司法,公证
,公证业务 (244),,法律与司法,公证
,公证收费 (18),,法律与司法,公证
,涉外公证 (190),,法律与司法,公证
民族事务 (474),,,国际事务与安全,民族事务
,少数民族事务综合 (272),,国际事务与安全,民族事务
,民族自治区域 (22),,国际事务与安全,民族事务
,少数民族财政经济 (50),,国际事务与安全,民族事务
,少数民族教育科技 (69),,国际事务与安全,民族事务
,少数民族文化卫生 (51),,国际事务与安全,民族事务
,少数民族婚姻 (5),,国际事务与安全,民族事务
华侨事务 (133),,,国际事务与安全,华侨事务
,归侨侨眷权益保护 (52),,国际事务与安全,华侨事务
,侨联 (3),,国际事务与安全,华侨事务
,侨汇与华侨储蓄 (12),,国际事务与安全,华侨事务
,华侨投资 (9),,国际事务与安全,华侨事务
,华侨捐赠 (6),,国际事务与安全,华侨事务
,华侨办学 (3),,国际事务与安全,华侨事务
,华侨私房与用地 (12),,国际事务与安全,华侨事务
,华侨婚姻 (20),,国际事务与安全,华侨事务
,华侨进出境 (13),,国际事务与安全,华侨事务
港澳事务 (269),,,国际事务与安全,港澳事务
,港澳特别行政区 (57),,国际事务与安全,港澳事务
,港澳同胞投资 (10),,国际事务与安全,港澳事务
,港澳同胞捐赠 (7),,国际事务与安全,港澳事务
,涉港澳婚姻 (11),,国际事务与安全,港澳事务
,涉港澳商贸 (115),,国际事务与安全,港澳事务
,涉港澳经济纠纷 (4),,国际事务与安全,港澳事务
,涉港澳文化交流 (25),,国际事务与安全,港澳事务
,港澳同胞进出境 (24),,国际事务与安全,港澳事务
台湾事务 (163),,,国际事务与安全,台湾事务
,台湾同胞探亲旅游 (17),,国际事务与安全,台湾事务
,台湾同胞投资 (35),,国际事务与安全,台湾事务
,台湾同胞捐赠 (2),,国际事务与安全,台湾事务
,涉台商贸 (38),,国际事务与安全,台湾事务
,涉台婚姻 (11),,国际事务与安全,台湾事务
,涉台继承 (3),,国际事务与安全,台湾事务
,涉台债务 (1),,国际事务与安全,台湾事务
,台湾同胞进出境 (33),,国际事务与安全,台湾事务
,中国公民往来台湾管理 (23),,国际事务与安全,台湾事务
宗教事务 (196),,,国际事务与安全,宗教事务
,宗教事务综合规定 (184),,国际事务与安全,宗教事务
,佛教 (11),,国际事务与安全,宗教事务
,道教 (2),,国际事务与安全,宗教事务
,伊斯兰教 (3),,国际事务与安全,宗教事务
国家安全 (396),,,安全,国家安全
,国家安全机关 (11),,安全,国家安全
,国家安全工作 (384),,安全,国家安全
外交外事 (1209),,,国际事务与安全,外交外事
,外交外事综合规定 (91),,国际事务与安全,外交外事
,领土领海领空 (29),,国际事务与安全,外交外事
,缔结条约与参加国际公约 (659),,国际事务与安全,外交外事
,国籍 (10),,国际事务与安全,外交外事
,外交特权与豁免 (6),,国际事务与安全,外交外事
,驻外使领馆与外交人员 (29),,国际事务与安全,外交外事
,驻华使领馆与外交人员 (13),,国际事务与安全,外交外事
,外国人入境出境 (54),,国际事务与安全,外交外事
,外国人境内旅行 (8),,国际事务与安全,外交外事
,留学生婚姻登记 (2),,国际事务与安全,外交外事
,外事活动 (115),,国际事务与安全,外交外事
,外国专家 (145),,国际事务与安全,外交外事
,涉外案件处理 (59),,国际事务与安全,外交外事
公安 (4486),,,安全,公安
,公安综合规定 (568),,安全,公安
,警察警衔警械 (260),,安全,公安
,逮捕拘留 (64),,安全,公安
,治安管理 (464),,安全,公安
,户籍与身份证 (191),,安全,公安
,交通安全管理 (948),,安全,公安
,消防管理 (523),,安全,公安
,特种行业和危险品管理 (637),,安全,公安
,边防与出入境管理 (255),,安全,公安
,武警 (61),,安全,公安
,禁毒 (123),,安全,公安
,案件管辖与处理 (164),,安全,公安
,监所管理 (14),,安全,公安
,网络安全管理 (332),,安全,公安
民政 (6069),,,社会事务与公共管理,民政
,优抚制度 (552),,社会事务与公共管理,民政
,退伍军人安置 (212),,社会事务与公共管理,民政
,移民与其他人员安置 (112),,社会事务与公共管理,民政
,扶贫救灾救济 (1210),,社会事务与公共管理,民政
,社会福利与社会保障 (1336),,社会事务与公共管理,民政
,婚姻登记 (84),,社会事务与公共管理,民政
,行政区划与地名 (1322),,社会事务与公共管理,民政
,社团管理 (903),,社会事务与公共管理,民政
,基层组织管理 (277),,社会事务与公共管理,民政
,殡葬管理 (130),,社会事务与公共管理,民政
民法 (2091),,,法律与司法,民法
,民法 (168),,法律与司法,民法
,民法综合规定与解释 (120),,法律与司法,民法
,公民 (1),,法律与司法,民法
,老少妇幼残保护 (1630),,法律与司法,民法
,人身权 (28),,法律与司法,民法
,宣告失踪和死亡 (2),,法律与司法,民法
,法人制度 (7),,法律与司法,民法
,民事法律行为和代理 (16),,法律与司法,民法
,财产所有权 (37),,法律与司法,民法
,民事责任 (73),,法律与司法,民法
,涉外民事法律关系 (15),,法律与司法,民法
,民事诉讼时效 (25),,法律与司法,民法
合同 (695),,,法律与司法,合同
,合同履行 (124),,法律与司法,合同
,民事合同 (52),,法律与司法,合同
,经济合同 (269),,法律与司法,合同
,涉外经济合同 (14),,法律与司法,合同
,技术合同 (23),,法律与司法,合同
,技术进出口合同 (8),,法律与司法,合同
,外商投资企业合同 (6),,法律与司法,合同
,承包合同 (30),,法律与司法,合同
,劳动合同 (136),,法律与司法,合同
,联营合同 (7),,法律与司法,合同
,其他合同 (32),,法律与司法,合同
知识产权 (6006),,,法律与司法,知识产权
,知识产权法规 (811),,法律与司法,知识产权
,知识产权综合规定 (1499),,法律与司法,知识产权
,专利 (1093),,法律与司法,知识产权
,,专利法规 (16),法律与司法,知识产权
,,专利综合规定 (391),法律与司法,知识产权
,,发明 (11),法律与司法,知识产权
,,实用新型 (10),法律与司法,知识产权
,,外观设计 (18),法律与司法,知识产权
,,专利管理 (212),法律与司法,知识产权
,,专利申请与审批 (112),法律与司法,知识产权
,,专利实施 (20),法律与司法,知识产权
,,专利权保护 (36),法律与司法,知识产权
,,专利费用 (57),法律与司法,知识产权
,,专利代理 (311),法律与司法,知识产权
,,涉外专利 (20),法律与司法,知识产权
,商标 (2047),,法律与司法,知识产权
,,商标法规 (18),法律与司法,知识产权
,,商标综合规定 (468),法律与司法,知识产权
,,驰名商标 (57),法律与司法,知识产权
,,特殊标志 (50),法律与司法,知识产权
,,地理标志 (911),法律与司法,知识产权
,,商标注册 (194),法律与司法,知识产权
,,商标使用管理 (582),法律与司法,知识产权
,,注册商标专用权保护 (127),法律与司法,知识产权
,,商标规费 (25),法律与司法,知识产权
,,商标代理 (89),法律与司法,知识产权
,,涉外商标 (23),法律与司法,知识产权
,著作权 (362),,法律与司法,知识产权
,,著作权法规 (17),法律与司法,知识产权
,,著作权综合规定 (125),法律与司法,知识产权
,,计算机软件 (112),法律与司法,知识产权
,,数字著作权 (13),法律与司法,知识产权
,,著作权登记 (48),法律与司法,知识产权
,,著作权转让与许可 (8),法律与司法,知识产权
,,报酬 (42),法律与司法,知识产权
,,邻接权 (18),法律与司法,知识产权
,集成电路布图设计 (52),,法律与司法,知识产权
,商号及商业方法 (1),,法律与司法,知识产权
,域名 (100),,法律与司法,知识产权
,植物新品种 (77),,法律与司法,知识产权
反不正当竞争 (242),,,法律与司法,反不正当竞争
,反不正当竞争 (173),,法律与司法,反不正当竞争
,纠正行业不正之风 (39),,法律与司法,反不正当竞争
婚姻赡养收养继承 (673),,,法律与司法,婚姻赡养收养继承
,婚姻法综合规定 (71),,法律与司法,婚姻赡养收养继承
,结婚 (34),,法律与司法,婚姻赡养收养继承
,婚姻登记 (77),,法律与司法,婚姻赡养收养继承
,家庭关系 (27),,法律与司法,婚姻赡养收养继承
,离婚 (167),,法律与司法,婚姻赡养收养继承
,军人婚姻 (54),,法律与司法,婚姻赡养收养继承
,涉外(含港澳台华侨)婚姻 (66),,法律与司法,婚姻赡养收养继承
,赡养抚养收养 (116),,法律与司法,婚姻赡养收养继承
,遗嘱遗赠继承 (96),,法律与司法,婚姻赡养收养继承
改革开放 (1116),,,经济与贸易,改革开放
,宏观经济体制改革 (175),,经济与贸易,改革开放
,对外开放与鼓励外商投资 (187),,经济与贸易,改革开放
,农村经济体制改革 (82),,经济与贸易,改革开放
,行业经济体制改革 (77),,经济与贸易,改革开放
,企业股份制改造 (79),,经济与贸易,改革开放
,企业经营机制转换 (50),,经济与贸易,改革开放
,贫困地区经济开发 (49),,经济与贸易,改革开放
,区域经济开发 (235),,经济与贸易,改革开放
,国家产业政策 (202),,经济与贸易,改革开放
计划 (922),,,经济与贸易,计划
,计划综合规定 (293),,经济与贸易,计划
,宏观调控 (35),,经济与贸易,计划
,国家计划 (127),,经济与贸易,计划
,科技计划 (123),,经济与贸易,计划
,行业计划 (196),,经济与贸易,计划
,企业计划 (63),,经济与贸易,计划
,产品计划 (44),,经济与贸易,计划
,计划监督检查 (36),,经济与贸易,计划
统计 (1581),,,经济与贸易,统计
,统计综合规定 (490),,经济与贸易,统计
,统计干部与人员 (30),,经济与贸易,统计
,统计改革 (11),,经济与贸易,统计
,社会统计 (96),,经济与贸易,统计
,经济统计 (143),,经济与贸易,统计
,行业统计 (455),,经济与贸易,统计
,企业统计 (93),,经济与贸易,统计
,涉外统计 (42),,经济与贸易,统计
,统计指标与统计调查 (65),,经济与贸易,统计
,统计资料与统计报表 (142),,经济与贸易,统计
,统计监督检查 (40),,经济与贸易,统计
土地 (2585),,,农业与自然资源,土地
,土地综合规定 (1093),,农业与自然资源,土地
,土地管理机构 (120),,农业与自然资源,土地
,地籍 (29),,农业与自然资源,土地
,土地权属与登记统计 (199),,农业与自然资源,土地
,土地利用和治理 (376),,农业与自然资源,土地
,国家建设用地 (127),,农业与自然资源,土地
,乡镇村建设用地 (31),,农业与自然资源,土地
,铁路公路机场用地 (174),,农业与自然资源,土地
,外商投资企业用地 (11),,农业与自然资源,土地
,其他用地 (4),,农业与自然资源,土地
,土地使用权出让与转让抵押 (106),,农业与自然资源,土地
,土地征用与有偿使用 (64),,农业与自然资源,土地
,土地使用税费 (34),,农业与自然资源,土地
,城市农村宅基地 (30),,农业与自然资源,土地
,土地复垦与耕地保护 (164),,农业与自然资源,土地
,土地违法案件处理 (43),,农业与自然资源,土地
测绘 (1503),,,农业与自然资源,测绘
,测绘综合规定 (1436),,农业与自然资源,测绘
,测绘成果管理 (55),,农业与自然资源,测绘
,测绘成果有偿使用 (5),,农业与自然资源,测绘
,测量标志保护 (7),,农业与自然资源,测绘
资源 (2556),,,农业与自然资源,资源
,资源综合利用 (469),,农业与自然资源,资源
,土地资源 (199),,农业与自然资源,资源
,草原资源 (18),,农业与自然资源,资源
,森林资源 (116),,农业与自然资源,资源
,野生动植物资源 (268),,农业与自然资源,资源
,野生药材资源 (7),,农业与自然资源,资源
,矿产资源 (300),,农业与自然资源,资源
,水资源 (485),,农业与自然资源,资源
,渔业水产资源 (114),,农业与自然资源,资源
,海洋资源 (607),,农业与自然资源,资源
能源 (2000),,,农业与自然资源,能源
,能源综合规定 (1043),,农业与自然资源,能源
,能源基金 (37),,农业与自然资源,能源
,节能管理 (920),,农业与自然资源,能源
,能源行政复议 (3),,农业与自然资源,能源
国有资产 (1692),,,经济与贸易,国有资产
,国有资产综合规定 (796),,经济与贸易,国有资产
,维护国有资产权益 (249),,经济与贸易,国有资产
,国有资产所有权界定 (61),,经济与贸易,国有资产
,国有资产产权登记 (112),,经济与贸易,国有资产
,国有资产评估 (395),,经济与贸易,国有资产
,国有资产授权经营 (40),,经济与贸易,国有资产
,清产核资 (40),,经济与贸易,国有资产
财政 (16689),,,经济与贸易,财政
,财政综合规定 (3446),,经济与贸易,财政
,国债管理 (7327),,经济与贸易,财政
,罚没收入管理 (281),,经济与贸易,财政
,行政事业性收费 (1094),,经济与贸易,财政
,政府采购 (964),,经济与贸易,财政
,转移支付 (121),,经济与贸易,财政
,专项资金管理 (1153),,经济与贸易,财政
,预算管理 (1687),,经济与贸易,财政
,预算外资金管理 (75),,经济与贸易,财政
,财政监察 (233),,经济与贸易,财政
,地方债务 (714),,经济与贸易,财政
税收 (15694),,,经济与贸易,税收
,税收法规 (722),,经济与贸易,税收
,税收综合规定 (1750),,经济与贸易,税收
,税收种类 (8455),,经济与贸易,税收
,,增值税 (1550),经济与贸易,税收
,,消费税 (342),经济与贸易,税收
,,营业税 (893),经济与贸易,税收
,,企业所得税 (1566),经济与贸易,税收
,,个人所得税 (621),经济与贸易,税收
,,房产税 (108),经济与贸易,税收
,,契税 (158),经济与贸易,税收
,,资源税 (129),经济与贸易,税收
,,城镇土地使用税 (124),经济与贸易,税收
,,耕地占用税 (118),经济与贸易,税收
,,烟叶税 (13),经济与贸易,税收
,,印花税 (255),经济与贸易,税收
,,城市维护建设税 (65),经济与贸易,税收
,,土地增值税 (43),经济与贸易,税收
,,车船税 (50),经济与贸易,税收
,,车辆购置税 (270),经济与贸易,税收
,,关税 (1519),经济与贸易,税收
,,船舶吨税 (32),经济与贸易,税收
,,固定资产投资方向调节税 (72),经济与贸易,税收
,,特别消费税（废） (7),经济与贸易,税收
,,车船使用税（废） (50),经济与贸易,税收
,,车船使用牌照税（废） (7),经济与贸易,税收
,,外商投资企业和外国企业所得税（废） (250),经济与贸易,税收
,,产品税（废） (87),经济与贸易,税收
,,盐税（废） (17),经济与贸易,税收
,,国营企业所得税（废） (42),经济与贸易,税收
,,国营企业调节税（废） (1),经济与贸易,税收
,,国营企业奖金税（废） (15),经济与贸易,税收
,,国营企业工资调节税（废） (15),经济与贸易,税收
,,集体企业所得税（废） (12),经济与贸易,税收
,,集体企业奖金税（废） (9),经济与贸易,税收
,,事业单位奖金税（废） (7),经济与贸易,税收
,,私营企业所得税（废） (7),经济与贸易,税收
,,烧油特别税（废） (11),经济与贸易,税收
,,屠宰税（废） (15),经济与贸易,税收
,,牲畜交易税（废） (2),经济与贸易,税收
,,农业税（废） (166),经济与贸易,税收
,,集市交易税（废） (2),经济与贸易,税收
,,筵席税（废） (7),经济与贸易,税收
,,城市房地产税（废） (11),经济与贸易,税收
,,建筑税（废） (21),经济与贸易,税收
,,进口调节税（废） (2),经济与贸易,税收
,,个人收入调节税（废） (42),经济与贸易,税收
,,城乡个体工商户所得税（废） (3),经济与贸易,税收
,,工商统一税（废） (72),经济与贸易,税收
,,中外合资经营企业所得税（废） (10),经济与贸易,税收
,税率 (609),,经济与贸易,税收
,税收征管 (7104),,经济与贸易,税收
,,税收征管综合规定 (978),经济与贸易,税收
,,税务机构 (480),经济与贸易,税收
,,税收征收管理 (1580),经济与贸易,税收
,,税收优惠 (3549),经济与贸易,税收
,,出口退税 (541),经济与贸易,税收
,,发票管理 (481),经济与贸易,税收
,,税务检查 (273),经济与贸易,税收
,,税收违法处理 (215),经济与贸易,税收
,,营业税改征增值税 (91),经济与贸易,税收
财务 (3387),,,经济与贸易,财务
,财务综合规定 (343),,经济与贸易,财务
,公司企业财务管理 (695),,经济与贸易,财务
,农村农场财务管理 (48),,经济与贸易,财务
,基本建设财务管理 (202),,经济与贸易,财务
,行政事业财务管理 (1413),,经济与贸易,财务
,社会团体财务管理 (57),,经济与贸易,财务
,个体工商户财务管理 (19),,经济与贸易,财务
,财务监督检查 (661),,经济与贸易,财务
会计 (2831),,,经济与贸易,会计
,会计综合规定 (1127),,经济与贸易,会计
,会计人员 (253),,经济与贸易,会计
,企业会计 (449),,经济与贸易,会计
,建设单位会计 (45),,经济与贸易,会计
,行政事业单位会计 (122),,经济与贸易,会计
,财政金融机构会计 (7),,经济与贸易,会计
,外商投资企业会计 (30),,经济与贸易,会计
,会计档案 (9),,经济与贸易,会计
,注册会计师与会计师事务所 (786),,经济与贸易,会计
,会计电算化 (2),,经济与贸易,会计
审计 (1924),,,经济与贸易,审计
,审计综合规定 (1106),,经济与贸易,审计
,审计机关 (113),,经济与贸易,审计
,审计人员 (36),,经济与贸易,审计
,工交基建审计 (106),,经济与贸易,审计
,商业贸易审计 (35),,经济与贸易,审计
,农林文教审计 (38),,经济与贸易,审计
,行政事业审计 (157),,经济与贸易,审计
,企业外资审计 (61),,经济与贸易,审计
,内部审计 (217),,经济与贸易,审计
,地方审计 (9),,经济与贸易,审计
,社会审计 (25),,经济与贸易,审计
,审计档案 (9),,经济与贸易,审计
,执业审计师 (4),,经济与贸易,审计
银行 (24817),,,金融与投资,银行
,银行法规 (565),,金融与投资,银行
,银行综合规定 (6914),,金融与投资,银行
,银行业监管机构管理的金融机构 (6461),,金融与投资,银行
,人民币 (1032),,金融与投资,银行
,银行业务 (6788),,金融与投资,银行
,,存款 (514),金融与投资,银行
,,贷款 (1799),金融与投资,银行
,,账户管理 (209),金融与投资,银行
,,支付结算 (566),金融与投资,银行
,,同业拆借 (959),金融与投资,银行
,,信用证服务及担保 (280),金融与投资,银行
,,国库 (198),金融与投资,银行
,,利率 (1262),金融与投资,银行
,银行财务会计 (447),,金融与投资,银行
,银行监管 (5630),,金融与投资,银行
,信托 (521),,金融与投资,银行
外汇 (4336),,,金融与投资,外汇
,外汇法规 (37),,金融与投资,外汇
,外汇综合规定 (1677),,金融与投资,外汇
,国际收支与外汇统计 (186),,金融与投资,外汇
,经常项目 (330),,金融与投资,外汇
,,经常项目综合 (25),金融与投资,外汇
,,经常项目外汇账户 (16),金融与投资,外汇
,,贸易外汇 (50),金融与投资,外汇
,,非贸易外汇 (32),金融与投资,外汇
,,个人外汇 (96),金融与投资,外汇
,,外币现钞与计价 (122),金融与投资,外汇
,资本项目 (386),,金融与投资,外汇
,,资本项目综合 (72),金融与投资,外汇
,,外债 (65),金融与投资,外汇
,,外商直接投资外汇 (129),金融与投资,外汇
,,境外投资外汇 (124),金融与投资,外汇
,金融机构外汇业务 (1371),,金融与投资,外汇
,人民币汇率和外汇市场 (638),,金融与投资,外汇
,外汇监管 (351),,金融与投资,外汇
票据 (423),,,金融与投资,票据
,票据法规 (44),,金融与投资,票据
,票据综合规定 (200),,金融与投资,票据
,汇票 (128),,金融与投资,票据
,本票 (3),,金融与投资,票据
,支票 (30),,金融与投资,票据
,票据行为 (63),,金融与投资,票据
证券 (73306),,,金融与投资,证券
,证券法规 (274),,金融与投资,证券
,证券综合规定 (4260),,金融与投资,证券
,股票 (8121),,金融与投资,证券
,债券 (15201),,金融与投资,证券
,基金 (4273),,金融与投资,证券
,证券发行与承销 (3569),,金融与投资,证券
,,公开发行 (2803),金融与投资,证券
,,非公开发行 (680),金融与投资,证券
,证券交易 (1473),,金融与投资,证券
,,证券交易的一般规定 (124),金融与投资,证券
,,证券上市 (835),金融与投资,证券
,,,金融与投资,证券
,,,金融与投资,证券
,,证券信息公开 (364),金融与投资,证券
,证券监督管理机构与市场监管 (26789),,金融与投资,证券
,上市公司 (1204),,金融与投资,证券
,证券交易所与业务管理 (21936),,金融与投资,证券
,证券公司与业务管理 (3041),,金融与投资,证券
,证券登记结算机构与业务管理 (850),,金融与投资,证券
,证券服务机构与业务管理 (256),,金融与投资,证券
,行业自律 (132),,金融与投资,证券
,法律责任 (156),,金融与投资,证券
租赁 (114),,,金融与投资,租赁
,租赁经营 (63),,金融与投资,租赁
,租赁财会税费 (7),,金融与投资,租赁
,租赁融资外汇 (44),,金融与投资,租赁
期货 (3637),,,金融与投资,期货
,期货法规 (238),,金融与投资,期货
,期货综合规定 (1236),,金融与投资,期货
,期货交易机构 (1788),,金融与投资,期货
,期货交易 (435),,经济与贸易,期货
价格 (2825),,,经济与贸易,价格
,价格综合规定 (849),,经济与贸易,价格
,工业品价格管理 (492),,经济与贸易,价格
,农业品价格管理 (211),,经济与贸易,价格
,交通运输价格管理 (266),,经济与贸易,价格
,行政事业与服务收费管理 (702),,经济与贸易,价格
,涉外价格管理 (58),,经济与贸易,价格
,价格监督检查 (235),,经济与贸易,价格
保险 (29172),,,金融与投资,保险
,保险法规 (577),,金融与投资,保险
,保险综合规定 (2355),,金融与投资,保险
,保险业务 (1156),,金融与投资,保险
,,人身保险 (267),金融与投资,保险
,,财产保险 (610),金融与投资,保险
,,其他保险 (167),金融与投资,保险
,保险公司 (5553),,金融与投资,保险
,保险代理人和保险经纪人 (493),,金融与投资,保险
,保险监管 (24099),,金融与投资,保险
企业 (3465),,,经济与贸易,企业
,企业综合规定 (1269),,经济与贸易,企业
,国有企业 (437),,经济与贸易,企业
,集体所有制企业 (84),,经济与贸易,企业
,企业承包租赁 (43),,经济与贸易,企业
,私营企业 (50),,经济与贸易,企业
,新技术企业 (46),,经济与贸易,企业
,股份合作企业 (47),,经济与贸易,企业
,股份制企业与试点 (1069),,经济与贸易,企业
,企业集团 (21),,经济与贸易,企业
,合作经济组织 (16),,经济与贸易,企业
,经济联合组织 (15),,经济与贸易,企业
,企业登记管理 (285),,经济与贸易,企业
,企业兼并与破产 (95),,经济与贸易,企业
,个人独资企业 (7),,经济与贸易,企业
公司 (1953),,,经济与贸易,企业
,公司综合规定 (1043),,经济与贸易,企业
,有限责任公司 (83),,经济与贸易,企业
,股份有限公司 (699),,经济与贸易,企业
,专业公司 (79),,经济与贸易,企业
,外国公司 (11),,经济与贸易,企业
,公司登记管理 (45),,经济与贸易,企业
外商投资企业 (847),,,经济与贸易,企业
,外商投资企业综合规定 (407),,经济与贸易,企业
,中外合资企业 (79),,经济与贸易,企业
,中外合作企业 (28),,经济与贸易,企业
,外资企业 (81),,经济与贸易,企业
,外商投资企业登记管理 (120),,经济与贸易,企业
,外商投资企业财务会计 (106),,经济与贸易,企业
,外商投资企业劳动人事工会 (26),,经济与贸易,企业
,外商投资企业外汇管理 (5),,经济与贸易,企业
个体经济 (336),,,经济与贸易,企业
,个体经济综合规定 (81),,经济与贸易,企业
,登记管理 (165),,经济与贸易,企业
,财会管理 (12),,经济与贸易,企业
,场地管理 (1),,经济与贸易,企业
,能源供应 (47),,经济与贸易,企业
,业务管理 (4),,经济与贸易,企业
建设业 (7661),,,工业与建设,建设业
,建设综合规定 (3975),,工业与建设,建设业
,基本建设 (512),,工业与建设,建设业
,城市规划与开发建设 (1393),,工业与建设,建设业
,村镇集镇建设 (287),,工业与建设,建设业
,勘察设计 (453),,工业与建设,建设业
,建筑安装施工 (500),,工业与建设,建设业
,建设工程监理 (529),,工业与建设,建设业
,市政公用与路桥 (138),,工业与建设,建设业
工业管理 (11200),,,工业与建设,工业管理
,机械工业 (1038),,工业与建设,工业管理
,,机械工业管理 (616),工业与建设,工业管理
,,机械工业企业财会税费 (23),工业与建设,工业管理
,,机械设备产品与质量 (174),工业与建设,工业管理
,电子工业 (406),,工业与建设,工业管理
,,电子工业管理 (280),工业与建设,工业管理
,,电子工业企业财会税费 (15),工业与建设,工业管理
,,电子产品与质量 (78),工业与建设,工业管理
,冶金工业 (171),,工业与建设,工业管理
,,冶金工业管理 (141),工业与建设,工业管理
,,冶金企业财会税费 (9),工业与建设,工业管理
,,冶金科技管理 (9),工业与建设,工业管理
,化学工业 (1306),,工业与建设,工业管理
,,化学工业管理 (176),工业与建设,工业管理
,,化工企业财会税费 (22),工业与建设,工业管理
,,化工科技物资管理 (17),工业与建设,工业管理
,,化工工程管理 (22),工业与建设,工业管理
,,化工产品与质量 (54),工业与建设,工业管理
,,化学农药管理 (528),工业与建设,工业管理
,,化工毒物管理 (27),工业与建设,工业管理
,,化学易燃产品管理 (32),工业与建设,工业管理
,,化学危险品管理 (404),工业与建设,工业管理
,建材工业 (356),,工业与建设,工业管理
,,建材工业管理 (131),工业与建设,工业管理
,,建材企业财会税费 (23),工业与建设,工业管理
,,建材工程 (18),工业与建设,工业管理
,,建材产品 (68),工业与建设,工业管理
,,建材科技 (45),工业与建设,工业管理
,,建材节能 (68),工业与建设,工业管理
,煤炭工业 (1903),,工业与建设,工业管理
,,煤炭工业管理 (322),工业与建设,工业管理
,,煤矿与矿区 (147),工业与建设,工业管理
,,煤炭开采 (22),工业与建设,工业管理
,,煤炭质量检查 (14),工业与建设,工业管理
,,煤矿安全生产 (1294),工业与建设,工业管理
,,煤尘防治 (12),工业与建设,工业管理
,,煤炭供应 (21),工业与建设,工业管理
,,煤炭税费 (30),工业与建设,工业管理
,石油工业 (647),,工业与建设,工业管理
,,石油工业管理 (157),工业与建设,工业管理
,,石油天然气勘探 (31),工业与建设,工业管理
,,石油天然气开采 (77),工业与建设,工业管理
,,石油天然气管道 (63),工业与建设,工业管理
,,油气田维护 (5),工业与建设,工业管理
,,石油天然气资料 (19),工业与建设,工业管理
,,石油勘探开采财会税费 (23),工业与建设,工业管理
,,海洋石油作业安全 (46),工业与建设,工业管理
,,石油成品油市场 (189),工业与建设,工业管理
,电力工业 (1848),,工业与建设,工业管理
,,电力工业管理 (1142),工业与建设,工业管理
,,电力工业企业财会税费 (133),工业与建设,工业管理
,,电力工程 (162),工业与建设,工业管理
,,电力设施 (115),工业与建设,工业管理
,,电线电网 (223),工业与建设,工业管理
,,企业用电 (23),工业与建设,工业管理
,,节约用电 (27),工业与建设,工业管理
,核工业 (3291),,工业与建设,工业管理
,,核工业管理 (260),工业与建设,工业管理
,,核设施管理 (315),工业与建设,工业管理
,,核安全管理 (2709),工业与建设,工业管理
,,核卫生防护 (4),工业与建设,工业管理
,轻工业 (105),,工业与建设,工业管理
,,轻工业管理 (63),工业与建设,工业管理
,,轻工业财会税费 (9),工业与建设,工业管理
,,轻工业产品与质量 (26),工业与建设,工业管理
,,轻工业科技管理 (5),工业与建设,工业管理
,,轻工业贷款 (1),工业与建设,工业管理
,纺织业 (137),,工业与建设,工业管理
,,纺织业管理 (90),工业与建设,工业管理
,,纺织企业财会税费 (7),工业与建设,工业管理
,,纺织产品与质量 (29),工业与建设,工业管理
农业 (9828),,,农业与自然资源,农业
,农业管理 (5947),,农业与自然资源,农业
,农业资金 (583),,农业与自然资源,农业
,农业科技与农机 (1733),,农业与自然资源,农业
,农民承包 (36),,农业与自然资源,农业
,减轻农民负担 (100),,农业与自然资源,农业
,种子 (329),,农业与自然资源,农业
,化肥农药农膜柴油 (245),,农业与自然资源,农业
,农田基建与水土保持 (107),,农业与自然资源,农业
,农业多种经营 (111),,农业与自然资源,农业
,农副产品 (387),,农业与自然资源,农业
,绿色食品 (391),,农业与自然资源,农业
林业 (1958),,,农业与自然资源,林业
,林业管理 (1374),,农业与自然资源,林业
,林业资源保护 (152),,农业与自然资源,林业
,林权 (40),,农业与自然资源,林业
,林场与林业企业 (31),,农业与自然资源,林业
,林业科技 (38),,农业与自然资源,林业
,植树造林与绿化 (123),,农业与自然资源,林业
,护林防火 (91),,农业与自然资源,林业
,森林采伐更新 (23),,农业与自然资源,林业
,森林和野生动植物保护区 (103),,农业与自然资源,林业
,森林案件与林业司法 (17),,农业与自然资源,林业
牧业 (2239),,,农业与自然资源,牧业
,牧业管理 (136),,农业与自然资源,牧业
,牧场与牧业企业 (17),,农业与自然资源,牧业
,草原管理 (94),,农业与自然资源,牧业
,兽医兽药 (1763),,农业与自然资源,牧业
,畜产品 (247),,农业与自然资源,牧业
渔业 (1257),,,农业与自然资源,渔业
,渔业管理 (877),,农业与自然资源,渔业
,渔业资源繁殖保护 (59),,农业与自然资源,渔业
,渔业企业 (34),,农业与自然资源,渔业
,渔区 (6),,农业与自然资源,渔业
,渔港 (17),,农业与自然资源,渔业
,渔船 (87),,农业与自然资源,渔业
,水产养殖 (128),,农业与自然资源,渔业
,水产品 (58),,农业与自然资源,渔业
,渔业行政处罚 (10),,农业与自然资源,渔业
水利 (3728),,,农业与自然资源,水利
,水利综合规定 (2190),,农业与自然资源,水利
,水土保持 (183),,农业与自然资源,水利
,水利工程 (586),,农业与自然资源,水利
,水利设施 (98),,农业与自然资源,水利
,水利财务物资 (67),,农业与自然资源,水利
,水库水坝管理 (233),,农业与自然资源,水利
,水费管理 (12),,农业与自然资源,水利
,防汛抗旱 (422),,农业与自然资源,水利
,水政监察 (23),,农业与自然资源,水利
气象 (1048),,,农业与自然资源,气象
,气象综合规定 (964),,农业与自然资源,气象
,管理体制 (11),,农业与自然资源,气象
,气象台站 (10),,农业与自然资源,气象
,基准气候站 (1),,农业与自然资源,气象
,气象人员 (26),,农业与自然资源,气象
,天气预报 (18),,农业与自然资源,气象
,气象技术装备 (22),,农业与自然资源,气象
,气象计量 (2),,农业与自然资源,气象
,气象保密 (2),,农业与自然资源,气象
地质矿产 (1809),,,农业与自然资源,地质矿产
,地质矿产综合规定 (707),,农业与自然资源,地质矿产
,地质勘查工作 (117),,农业与自然资源,地质矿产
,地质勘查单位 (33),,农业与自然资源,地质矿产
,地质勘查市场 (13),,农业与自然资源,地质矿产
,地质资料管理 (42),,农业与自然资源,地质矿产
,矿产资源监督管理 (183),,农业与自然资源,地质矿产
,矿产资源勘查 (60),,农业与自然资源,地质矿产
,矿产储量管理 (27),,农业与自然资源,地质矿产
,矿区与矿山企业 (104),,农业与自然资源,地质矿产
,矿产资源开采 (149),,农业与自然资源,地质矿产
,矿山安全 (386),,农业与自然资源,地质矿产
,矿产品购销 (2),,农业与自然资源,地质矿产
,地质矿产行政复议 (2),,农业与自然资源,地质矿产
交通运输 (11470),,,交通与通讯,交通运输
,交通运输综合规定 (4936),,交通与通讯,交通运输
,铁路运输 (1038),,交通与通讯,交通运输
,航空运输 (1364),,交通与通讯,交通运输
,公路运输 (1144),,交通与通讯,交通运输
,管道运输 (14),,交通与通讯,交通运输
,水上运输 (732),,交通与通讯,交通运输
,海洋运输 (377),,交通与通讯,交通运输
,船舶 (1353),,交通与通讯,交通运输
,港口港务 (518),,交通与通讯,交通运输
,救助打捞 (77),,交通与通讯,交通运输
,联运与集装箱 (78),,交通与通讯,交通运输
,城市交通运输 (131),,交通与通讯,交通运输
,交通运输行政复议 (6),,交通与通讯,交通运输
仓储 (63),,,交通与通讯,仓储
,仓储综合规定 (20),,交通与通讯,仓储
,仓库管理 (23),,交通与通讯,仓储
,仓储保管 (14),,交通与通讯,仓储
,仓储业务收费 (1),,交通与通讯,仓储
,出口监管仓库 (4),,交通与通讯,仓储
,保税仓库 (3),,交通与通讯,仓储
,邮政电讯 (5013),,交通与通讯,仓储
邮政 (1698),,,交通与通讯,邮政电讯
,通信 (511),,交通与通讯,邮政电讯
,电信 (705),,交通与通讯,邮政电讯
,无线电 (150),,交通与通讯,邮政电讯
互联网 (2197),,,交通与通讯,互联网
饮食服务 (268),,,经济与贸易,饮食服务
,饮食 (114),,经济与贸易,饮食服务
,服务 (144),,经济与贸易,饮食服务
旅游 (2037),,,文化与科技,旅游
,旅游综合规定 (1399),,文化与科技,旅游
,旅游服务机构导游人员管理 (401),,文化与科技,旅游
,旅游景点管理 (188),,文化与科技,旅游
,旅游服务收费管理 (19),,文化与科技,旅游
,外国人境内旅行 (6),,文化与科技,旅游
,国家旅游度假区 (37),,文化与科技,旅游
咨询 (154),,,经济与贸易,咨询
,咨询机构 (113),,经济与贸易,咨询
,咨询业务 (36),,经济与贸易,咨询
房地产 (2051),,,经济与贸易,房地产
,房地产综合规定 (692),,经济与贸易,房地产
,房产地产权属管理 (128),,经济与贸易,房地产
,房地产开发 (73),,经济与贸易,房地产
,房地产企业 (59),,经济与贸易,房地产
,房地产交易与市场 (93),,经济与贸易,房地产
,土地使用权出让转让抵押 (28),,经济与贸易,房地产
,房地产信贷 (51),,经济与贸易,房地产
,房地产税收 (17),,经济与贸易,房地产
,房地产财会 (64),,经济与贸易,房地产
,房地产评估 (77),,经济与贸易,房地产
,宗教房地产 (8),,经济与贸易,房地产
,军队房地产 (17),,经济与贸易,房地产
,华侨房地产 (7),,经济与贸易,房地产
,涉港澳台房地产 (3),,经济与贸易,房地产
,涉外房地产 (4),,经济与贸易,房地产
,历史遗留问题 (22),,经济与贸易,房地产
,住房制度改革 (118),,经济与贸易,房地产
,房屋住宅建设 (246),,经济与贸易,房地产
,房屋修缮养护 (37),,经济与贸易,房地产
,搬迁拆迁安置 (45),,经济与贸易,房地产
,房屋租赁借用 (62),,经济与贸易,房地产
,房屋买卖拍卖 (43),,经济与贸易,房地产
,房屋典当回赎 (39),,经济与贸易,房地产
,房屋抵押 (17),,经济与贸易,房地产
,房屋继承 (13),,经济与贸易,房地产
,房屋纠纷 (57),,经济与贸易,房地产
,危险房屋 (46),,经济与贸易,房地产
,违章建筑 (7),,经济与贸易,房地产
商贸物资 (8517),,,经济与贸易,商贸物资
,商贸物资综合规定 (4025),,经济与贸易,商贸物资
,农产品购销 (410),,经济与贸易,商贸物资
,粮食管理 (1558),,经济与贸易,商贸物资
,工业品购销 (165),,经济与贸易,商贸物资
,物资管理 (210),,经济与贸易,商贸物资
,专营与专控 (46),,经济与贸易,商贸物资
,烟草专卖 (592),,经济与贸易,商贸物资
,供销合作 (388),,经济与贸易,商贸物资
,假冒伪劣商品 (68),,经济与贸易,商贸物资
,倾销与反倾销 (1216),,经济与贸易,商贸物资
对外经贸 (3840),,,经济与贸易,对外经贸
,对外经贸综合规定 (915),,经济与贸易,对外经贸
,对外经贸机构与公司企业 (600),,经济与贸易,对外经贸
,开放口岸建设 (138),,经济与贸易,对外经贸
,进口许可与管理 (611),,经济与贸易,对外经贸
,出口许可与管理 (820),,经济与贸易,对外经贸
,经贸融资与租赁 (111),,经济与贸易,对外经贸
,经贸仓储运输 (43),,经济与贸易,对外经贸
,经贸结算 (12),,经济与贸易,对外经贸
,对港澳台贸易 (32),,经济与贸易,对外经贸
,边境贸易 (34),,经济与贸易,对外经贸
,转口贸易 (8),,经济与贸易,对外经贸
,外贸收购与代理 (23),,经济与贸易,对外经贸
,来料加工与补偿贸易 (124),,经济与贸易,对外经贸
,涉外工程承包与项目合作 (101),,经济与贸易,对外经贸
,技术与设备进出口 (80),,经济与贸易,对外经贸
,经贸展览与洽谈 (174),,经济与贸易,对外经贸
,涉外经济合同 (7),,经济与贸易,对外经贸
,对外经济技术合作 (48),,经济与贸易,对外经贸
,外国企业驻华机构管理 (26),,经济与贸易,对外经贸
,外国商会 (4),,经济与贸易,对外经贸
商品检验与动植物检疫 (3172),,,卫生与人口,商品检验与动植物检疫
,进出口商品检验 (1048),,卫生与人口,商品检验与动植物检疫
,进出境动植物检疫 (967),,卫生与人口,商品检验与动植物检疫
,出口动物产品畜医卫生检疫 (112),,卫生与人口,商品检验与动植物检疫
,进出口商品质量许可 (129),,卫生与人口,商品检验与动植物检疫
,进出口商品监督与管理 (584),,卫生与人口,商品检验与动植物检疫
,普惠制与原产地 (204),,卫生与人口,商品检验与动植物检疫
,进出废旧物品卫生检疫 (102),,卫生与人口,商品检验与动植物检疫
海关 (2773),,,安全,海关
,海关综合规定 (1784),,安全,海关
,海关机构 (144),,安全,海关
,进出境运输工具监管 (65),,安全,海关
,进出境货物监管 (462),,安全,海关
,进出境行李物品监管 (91),,安全,海关
,进出境邮递物品监管 (32),,安全,海关
,保税区与保税管理 (186),,安全,海关
,保税工厂与保税仓库 (27),,安全,海关
,缉私和违法案件处理 (55),,安全,海关
,海关行政复议 (12),,安全,海关
特区 (84),,,经济与贸易,特区
,特区综合规定 (26),,经济与贸易,特区
,深圳经济特区 (19),,经济与贸易,特区
,珠海经济特区 (14),,经济与贸易,特区
,汕头经济特区 (7),,经济与贸易,特区
,厦门经济特区 (1),,经济与贸易,特区
,海南经济特区 (15),,经济与贸易,特区
开发区 (385),,,经济与贸易,开发区
,经济技术开发区 (152),,经济与贸易,开发区
,沿海开放城市与开放区 (30),,经济与贸易,开发区
,高新技术产业开发区 (172),,经济与贸易,开发区
,边境经济合作区 (4),,经济与贸易,开发区
,保税区与保税仓库 (20),,经济与贸易,开发区
,浦东新区 (4),,经济与贸易,开发区
,洋浦经济开发区 (6),,经济与贸易,开发区
广告 (700),,,文化与科技,广告
,广告代理 (8),,文化与科技,广告
,广告管理 (467),,文化与科技,广告
,医药广告 (143),,文化与科技,广告
,烟酒广告 (15),,文化与科技,广告
,赞助广告 (1),,文化与科技,广告
,广告宣传 (61),,文化与科技,广告
,广告费用开支 (6),,文化与科技,广告
工商管理 (2850),,,工业与建设,工商管理
,工商管理综合规定 (1115),,工业与建设,工商管理
,企业登记管理 (241),,工业与建设,工商管理
,市场管理 (1116),,工业与建设,工商管理
,集市贸易管理 (29),,工业与建设,工商管理
,个体私营经济管理 (80),,工业与建设,工商管理
,经济检查 (151),,工业与建设,工商管理
,消费者权益保护 (184),,工业与建设,工商管理
标准化管理和认证认可 (12698),,,工业与建设,标准化管理和认证认可
,标准化综合规定 (1974),,工业与建设,标准化管理和认证认可
,国家标准管理 (2528),,工业与建设,标准化管理和认证认可
,行业标准管理 (5353),,工业与建设,标准化管理和认证认可
,企业标准化管理 (106),,工业与建设,标准化管理和认证认可
,军用标准化管理 (7),,工业与建设,标准化管理和认证认可
,采用国际标准管理 (28),,工业与建设,标准化管理和认证认可
,进口标准化审查 (6),,工业与建设,标准化管理和认证认可
,认证认可综合规定 (2716),,工业与建设,标准化管理和认证认可
计量 (645),,,工业与建设,计量
,计量综合规定 (379),,工业与建设,计量
,计量基准器具管理 (40),,工业与建设,计量
,计量检定 (71),,工业与建设,计量
,计量器具管理 (66),,工业与建设,计量
,标准物质管理 (14),,工业与建设,计量
,计量监督 (82),,工业与建设,计量
,计量违法行为处理 (5),,工业与建设,计量
质量管理和监督 (5335),,,工业与建设,质量管理和监督
,质量综合规定 (1228),,工业与建设,质量管理和监督
,质量管理监督机构与人员 (823),,工业与建设,质量管理和监督
,产品质量监督 (2739),,工业与建设,质量管理和监督
,工程质量监督 (305),,工业与建设,质量管理和监督
,产品质量责任 (78),,工业与建设,质量管理和监督
,出口企业质量管理 (77),,工业与建设,质量管理和监督
,技术监督行政复议 (5),,工业与建设,质量管理和监督
调解与仲裁 (738),,,社会事务与公共管理,调解与仲裁
,经济技术纠纷调解 (303),,社会事务与公共管理,调解与仲裁
,经济合同仲裁 (157),,社会事务与公共管理,调解与仲裁
,技术合同仲裁 (6),,社会事务与公共管理,调解与仲裁
,国际经贸仲裁 (78),,社会事务与公共管理,调解与仲裁
,国际海事仲裁 (23),,社会事务与公共管理,调解与仲裁
,承认执行外国仲裁裁决 (62),,社会事务与公共管理,调解与仲裁
,仲裁机构 (87),,社会事务与公共管理,调解与仲裁
劳动工会 (7910),,,社会事务与公共管理,劳动工会
,劳动工会综合规定 (857),,社会事务与公共管理,劳动工会
,招工与就业 (1262),,社会事务与公共管理,劳动工会
,劳动模范 (176),,社会事务与公共管理,劳动工会
,职工教育与考核 (425),,社会事务与公共管理,劳动工会
,职工管理与奖惩 (163),,社会事务与公共管理,劳动工会
,劳动安全与劳动保护 (2221),,社会事务与公共管理,劳动工会
,工资福利与劳动保险 (1963),,社会事务与公共管理,劳动工会
,离休退休退职 (459),,社会事务与公共管理,劳动工会
,劳动争议 (133),,社会事务与公共管理,劳动工会
,待业与待业保险 (43),,社会事务与公共管理,劳动工会
,工会 (132),,社会事务与公共管理,劳动工会
,农民工 (222),,社会事务与公共管理,劳动工会
人事 (19146),,,社会事务与公共管理,人事规定
,人事综合规定 (2170),,社会事务与公共管理,人事规定
,机构编制 (653),,社会事务与公共管理,人事规定
,职位职称 (9233),,社会事务与公共管理,人事规定
,人事管理 (4485),,社会事务与公共管理,人事规定
,人事调配 (2110),,社会事务与公共管理,人事规定
,人才流动 (145),,社会事务与公共管理,人事规定
,公务员 (268),,社会事务与公共管理,人事规定
,人事工资 (228),,社会事务与公共管理,人事规定
环境保护 (9118),,,农业与自然资源,环境保护
,环保综合规定 (6409),,农业与自然资源,环境保护
,环境标准 (553),,农业与自然资源,环境保护
,环境监测 (407),,农业与自然资源,环境保护
,污染防治 (1407),,农业与自然资源,环境保护
,自然保护 (296),,农业与自然资源,环境保护
,违法处理 (51),,农业与自然资源,环境保护
地震 (423),,,社会事务与公共管理,地震
,地震综合规定 (258),,社会事务与公共管理,地震
,地震预测预防 (62),,社会事务与公共管理,地震
,地震预报 (7),,社会事务与公共管理,地震
,地震灾情 (97),,社会事务与公共管理,地震
教育 (13193),,,社会事务与公共管理,教育
,教育综合规定 (4462),,社会事务与公共管理,教育
,教育改革 (301),,社会事务与公共管理,教育
,院校与教职员工 (719),,社会事务与公共管理,教育
,教育经费与财务 (434),,社会事务与公共管理,教育
,校舍建设与管理 (66),,社会事务与公共管理,教育
,教材编审出版 (145),,社会事务与公共管理,教育
,学生与助学奖学金 (233),,社会事务与公共管理,教育
,勤工俭学 (9),,社会事务与公共管理,教育
,学历学位学籍 (357),,社会事务与公共管理,教育
,毕业分配 (78),,社会事务与公共管理,教育
,自学考试 (38),,社会事务与公共管理,教育
,教育督导 (148),,社会事务与公共管理,教育
,出国留学与回国工作 (106),,社会事务与公共管理,教育
,教科用品进出口 (7),,社会事务与公共管理,教育
,扫除文盲 (42),,社会事务与公共管理,教育
,义务与基础教育 (765),,社会事务与公共管理,教育
,中等教育 (505),,社会事务与公共管理,教育
,高等教育 (3232),,社会事务与公共管理,教育
,国防与法律教育 (29),,社会事务与公共管理,教育
,成人教育 (166),,社会事务与公共管理,教育
,干部教育 (185),,社会事务与公共管理,教育
,职业与职工教育 (1424),,社会事务与公共管理,教育
,特殊教育 (63),,社会事务与公共管理,教育
,函授教育 (42),,社会事务与公共管理,教育
,电化教育 (43),,社会事务与公共管理,教育
,博士后管理 (65),,社会事务与公共管理,教育
,外国来华留学生 (39),,社会事务与公共管理,教育
,社会力量办学 (32),,社会事务与公共管理,教育
科技 (6506),,,文化与科技,科技
,科技综合规定与体改 (2884),,文化与科技,科技
,科技进步与经费 (324),,文化与科技,科技
,科技企业 (202),,文化与科技,科技
,科研院所与物资设备 (217),,文化与科技,科技
,科技人员 (358),,文化与科技,科技
,科学研究与科技项目 (1749),,文化与科技,科技
,科技计统与财税 (97),,文化与科技,科技
,科技成果鉴定奖励 (475),,文化与科技,科技
,科技情报档案保密 (70),,文化与科技,科技
,技术合同与仲裁 (13),,文化与科技,科技
,技术开发转让服务与咨询 (29),,文化与科技,科技
,技术市场管理 (67),,文化与科技,科技
,技术进出口与国际合作 (65),,文化与科技,科技
,科技外事 (39),,文化与科技,科技
语言文字 (278),,,文化与科技,语言文字
,语言文字综合规定 (89),,文化与科技,语言文字
,语言文字工作 (104),,文化与科技,语言文字
,普通话推广 (56),,文化与科技,语言文字
,汉语拼音 (3),,文化与科技,语言文字
,人名地名拼写 (5),,文化与科技,语言文字
,数字用法 (2),,文化与科技,语言文字
,少数民族文字 (20),,文化与科技,语言文字
,汉语水平考试 (5),,文化与科技,语言文字
文物文史 (20857),,,文化与科技,文物文史
,文物与古迹保护 (19921),,文化与科技,文物文史
,文物保护单位 (162),,文化与科技,文物文史
,历史文化名城保护 (93),,文化与科技,文物文史
,文物市场与文物进出口 (250),,文化与科技,文物文史
,文物鉴定 (30),,文化与科技,文物文史
,打击盗掘走私文物 (14),,文化与科技,文物文史
,文物博物馆 (235),,文化与科技,文物文史
,考古工作 (125),,文化与科技,文物文史
,文史工作 (25),,文化与科技,文物文史
文化 (9126),,,文化与科技,文化
,文化综合规定 (2034),,文化与科技,文化
,演出 (3463),,文化与科技,文化
,广播 (352),,文化与科技,文化
,电影 (359),,文化与科技,文化
,电视 (939),,文化与科技,文化
,新闻 (274),,文化与科技,文化
,报纸 (114),,文化与科技,文化
,期刊 (203),,文化与科技,文化
,图书 (213),,文化与科技,文化
,印刷 (98),,文化与科技,文化
,出版与出版物市场管理 (1040),,文化与科技,文化
,音像制品与电子出版物 (395),,文化与科技,文化
,对外文化交流 (65),,文化与科技,文化
,文化行政复议 (1),,文化与科技,文化
,基层文化活动 (143),,文化与科技,文化
卫生 (18840),,,卫生与人口,卫生
,卫生综合规定 (4348),,卫生与人口,卫生
,卫生机构与人员 (1071),,卫生与人口,卫生
,医务工作 (613),,卫生与人口,卫生
,中医管理 (887),,卫生与人口,卫生
,职业病防治 (267),,卫生与人口,卫生
,传染病防治 (1094),,卫生与人口,卫生
,地方病防治 (68),,卫生与人口,卫生
,性病防治 (11),,卫生与人口,卫生
,艾滋病监测管理 (120),,卫生与人口,卫生
,诊断标准 (42),,卫生与人口,卫生
,医疗事故 (52),,卫生与人口,卫生
,药品管理 (5166),,卫生与人口,卫生
,中药管理 (523),,卫生与人口,卫生
,医药标准 (59),,卫生与人口,卫生
,卫生防疫检疫 (753),,卫生与人口,卫生
,卫生监督 (495),,卫生与人口,卫生
,食品卫生 (2021),,卫生与人口,卫生
,公共场所与环境卫生 (214),,卫生与人口,卫生
,公费医疗 (101),,卫生与人口,卫生
,采供血机构和血液管理 (142),,卫生与人口,卫生
,妇幼卫生 (137),,卫生与人口,卫生
,医疗保健 (485),,卫生与人口,卫生
,城市急救 (19),,卫生与人口,卫生
,外国医师管理 (7),,卫生与人口,卫生
,医疗器械药品药材进出口 (769),,卫生与人口,卫生
,红十字会 (56),,卫生与人口,卫生
人口与计划生育 (577),,,卫生与人口,人口与计划生育
,人口计划管理 (267),,卫生与人口,人口与计划生育
,人口普查 (57),,卫生与人口,人口与计划生育
,计划生育统计财会 (15),,卫生与人口,人口与计划生育
,计划生育技术管理 (23),,卫生与人口,人口与计划生育
,计划生育管理 (228),,卫生与人口,人口与计划生育
体育 (7044),,,社会事务与公共管理,体育
,体育综合规定 (6248),,社会事务与公共管理,体育
,体育锻炼标准 (76),,社会事务与公共管理,体育
,院校体育 (143),,社会事务与公共管理,体育
,竞赛制度 (267),,社会事务与公共管理,体育
,裁判员 (81),,社会事务与公共管理,体育
,教练员 (93),,社会事务与公共管理,体育
,运动员 (151),,社会事务与公共管理,体育
,禁用药物 (24),,社会事务与公共管理,体育
,涉外体育 (24),,社会事务与公共管理,体育
军事 (960),,,安全,军事
,军事综合规定 (204),,安全,军事
,兵役制度 (60),,安全,军事
,军官军衔 (19),,安全,军事
,革命烈士与抚恤优待 (138),,安全,军事
,军队离退休干部 (114),,安全,军事
,退伍军人安置 (34),,安全,军事
,民兵制度 (17),,安全,军事
,国防事务 (140),,安全,军事
,国防科技 (164),,安全,军事
,国防工业 (54),,安全,军事
,军事检察 (4),,安全,军事
,军事审判 (18),,安全,军事
刑法 (1276),,,法律与司法,刑法
,刑法 (30),,法律与司法,刑法
,刑法综合规定与解释 (147),,法律与司法,刑法
,犯罪和刑事责任 (483),,法律与司法,刑法
,刑罚 (118),,法律与司法,刑法
,量刑 (56),,法律与司法,刑法
,自首 (15),,法律与司法,刑法
,数罪并罚 (14),,法律与司法,刑法
,缓刑 (48),,法律与司法,刑法
,减刑 (52),,法律与司法,刑法
,假释 (33),,法律与司法,刑法
,危害国家安全罪 (7),,法律与司法,刑法
,危害公共安全罪 (23),,法律与司法,刑法
,破坏社会主义市场经济秩序罪 (103),,法律与司法,刑法
,侵犯公民人身权利民主权利罪 (63),,法律与司法,刑法
,侵犯财产罪 (96),,法律与司法,刑法
,妨害社会管理秩序罪 (66),,法律与司法,刑法
,妨害婚姻家庭罪 (10),,法律与司法,刑法
,渎职罪 (26),,法律与司法,刑法
,军人违反职责罪 (2),,法律与司法,刑法
,危害国防利益罪 (2),,法律与司法,刑法
民事诉讼 (1460),,,法律与司法,民事诉讼
,民事诉讼法 (61),,法律与司法,民事诉讼
,民诉综合规定与解释 (356),,法律与司法,民事诉讼
,民事诉讼管辖 (293),,法律与司法,民事诉讼
,审判组织 (43),,法律与司法,民事诉讼
,回避 (5),,法律与司法,民事诉讼
,诉讼参加人 (20),,法律与司法,民事诉讼
,证据 (23),,法律与司法,民事诉讼
,期间送达 (15),,法律与司法,民事诉讼
,调解 (96),,法律与司法,民事诉讼
,财产保全和先予执行 (31),,法律与司法,民事诉讼
,强制措施 (27),,法律与司法,民事诉讼
,诉讼费用 (24),,法律与司法,民事诉讼
,起诉和受理 (72),,法律与司法,民事诉讼
,审判程序 (111),,法律与司法,民事诉讼
,审判监督程序 (65),,法律与司法,民事诉讼
,执行程序 (158),,法律与司法,民事诉讼
,涉外民事诉讼程序 (47),,法律与司法,民事诉讼
,民事判决裁定与法律文书 (62),,法律与司法,民事诉讼
经济审判 (557),,,法律与司法,经济审判
,经济审判综合规定 (131),,法律与司法,经济审判
,经济合同案件审理 (192),,法律与司法,经济审判
,知识产权案件审理 (187),,法律与司法,经济审判
,其他经济案件审理 (35),,法律与司法,经济审判
,经济判决裁定与法律文书 (16),,法律与司法,经济审判
海事诉讼 (84),,,法律与司法,海事诉讼
,海事法院 (19),,法律与司法,海事诉讼
,海事诉讼 (37),,法律与司法,海事诉讼
,涉外海事诉讼管辖 (8),,法律与司法,海事诉讼
行政诉讼 (389),,,法律与司法,行政诉讼
,行政诉讼法 (36),,法律与司法,行政诉讼
,行政案件管辖 (30),,法律与司法,行政诉讼
,行政案件受理与审理 (124),,法律与司法,行政诉讼
,行政案件执行 (26),,法律与司法,行政诉讼
,行政判决裁定与法律文书 (13),,法律与司法,行政诉讼
,行政诉讼综合规定与解释 (160),,法律与司法,行政诉讼
刑事诉讼 (766),,,法律与司法,刑事诉讼
,刑事诉讼法 (67),,法律与司法,刑事诉讼
,刑诉综合规定与解释 (164),,法律与司法,刑事诉讼
,刑事案件管辖 (74),,法律与司法,刑事诉讼
,辩护 (16),,法律与司法,刑事诉讼
,证据 (20),,法律与司法,刑事诉讼
,强制措施 (11),,法律与司法,刑事诉讼
,附带民事诉讼 (13),,法律与司法,刑事诉讼
,办案期限 (9),,法律与司法,刑事诉讼
,立案侦查 (24),,法律与司法,刑事诉讼
,提起公诉与自诉 (43),,法律与司法,刑事诉讼
,审判组织 (8),,法律与司法,刑事诉讼
,第一审程序 (18),,法律与司法,刑事诉讼
,第二审程序 (28),,法律与司法,刑事诉讼
,死刑复核程序 (49),,法律与司法,刑事诉讼
,审判监督程序 (28),,法律与司法,刑事诉讼
,执行 (193),,法律与司法,刑事诉讼
,涉外案件程序 (7),,法律与司法,刑事诉讼
,刑事判决裁定与法律文书 (44),,法律与司法,刑事诉讼
,国家赔偿 (138),,法律与司法,刑事诉讼
劳改劳教监所狱政 (351),,,法律与司法,劳改劳教监所狱政
,劳改 (71),,法律与司法,劳改劳教监所狱政
,劳教 (124),,法律与司法,劳改劳教监所狱政
,监所狱政 (152),,法律与司法,劳改劳教监所狱政
司法协助 (111),,,法律与司法,司法协助
,司法协助协定 (67),,法律与司法,司法协助
,司法协助业务 (43),,法律与司法,司法协助
检察业务 (899),,,法律与司法,检察业务
,检察综合规定 (626),,法律与司法,检察业务
,侦查监督 (92),,法律与司法,检察业务
,公诉 (20),,法律与司法,检察业务
,监所检察 (31),,法律与司法,检察业务
,反渎职侵权 (26),,法律与司法,检察业务
,反贪污贿赂 (48),,法律与司法,检察业务
,控告申诉检察和举报 (53),,法律与司法,检察业务
,民事行政检察 (28),,法律与司法,检察业务
,职务犯罪预防 (39),,法律与司法,检察业务
金融综合,金融综合 (147),,金融与投资,金融综合